"lakeid","metric","sampledate","year","daynum"
"AL","doc_epiMax",1986-08-13,1986,225
"AL","totpuf_epiMax",1986-08-13,1986,225
"AL","totpuf_epiMin",1986-07-16,1986,197
"AL","totpuf_hypoMax",1986-06-18,1986,169
"AL","totpuf_hypoMin",1986-05-20,1986,140
"AL","doc_epiMax",1987-08-13,1987,225
"AL","totpuf_epiMax",1987-08-13,1987,225
"AL","totpuf_epiMin",1987-07-13,1987,194
"AL","totpuf_hypoMax",1987-05-18,1987,138
"AL","totpuf_hypoMin",1987-07-13,1987,194
"AL","doc_epiMax",1988-08-18,1988,231
"AL","totpuf_epiMax",1988-08-18,1988,231
"AL","totpuf_epiMin",1988-07-19,1988,201
"AL","totpuf_hypoMax",1988-08-18,1988,231
"AL","totpuf_hypoMin",1988-07-19,1988,201
"AL","doc_epiMax",1989-08-22,1989,234
"AL","totpuf_epiMax",1989-08-22,1989,234
"AL","totpuf_epiMin",1989-06-28,1989,179
"AL","totpuf_hypoMax",1989-06-28,1989,179
"AL","totpuf_hypoMin",1989-05-29,1989,149
"AL","doc_epiMax",1990-08-22,1990,234
"AL","totpuf_epiMax",1990-08-22,1990,234
"AL","totpuf_epiMin",1990-05-30,1990,150
"AL","totpuf_hypoMax",1990-07-24,1990,205
"AL","totpuf_hypoMin",1990-05-30,1990,150
"AL","doc_epiMax",1991-07-03,1991,184
"AL","totpuf_epiMax",1991-07-03,1991,184
"AL","totpuf_epiMin",1991-06-04,1991,155
"AL","totpuf_hypoMax",1991-06-04,1991,155
"AL","totpuf_hypoMin",1991-08-27,1991,239
"AL","doc_epiMax",1992-09-21,1992,265
"AL","totpuf_epiMax",1992-09-21,1992,265
"AL","totpuf_epiMin",1992-07-29,1992,211
"AL","totpuf_hypoMax",1992-07-07,1992,189
"AL","totpuf_hypoMin",1992-09-21,1992,265
"AL","doc_epiMax",1993-06-30,1993,181
"AL","totpuf_epiMax",1993-07-26,1993,207
"AL","totpuf_epiMin",1993-06-30,1993,181
"AL","totpuf_hypoMax",1993-08-26,1993,238
"AL","totpuf_hypoMin",1993-06-30,1993,181
"AL","doc_epiMax",1994-07-27,1994,208
"AL","totpuf_epiMax",1994-06-06,1994,157
"AL","totpuf_epiMin",1994-06-27,1994,178
"AL","totpuf_hypoMax",1994-07-27,1994,208
"AL","totpuf_hypoMin",1994-08-25,1994,237
"AL","doc_epiMax",1995-09-18,1995,261
"AL","totpuf_epiMax",1995-05-30,1995,150
"AL","totpuf_epiMin",1995-07-26,1995,207
"AL","totpuf_hypoMax",1995-07-26,1995,207
"AL","totpuf_hypoMin",1995-05-30,1995,150
"AL","doc_epiMax",1996-08-08,1996,221
"AL","totpuf_epiMax",1996-08-08,1996,221
"AL","totpuf_epiMin",1996-06-12,1996,164
"AL","totpuf_hypoMax",1996-08-08,1996,221
"AL","totpuf_hypoMin",1996-06-12,1996,164
"AL","doc_epiMax",1997-07-31,1997,212
"AL","totpuf_epiMax",1997-05-13,1997,133
"AL","totpuf_epiMin",1997-07-31,1997,212
"AL","totpuf_hypoMax",1997-07-31,1997,212
"AL","totpuf_hypoMin",1997-05-13,1997,133
"AL","doc_epiMax",1998-06-17,1998,168
"AL","totpuf_epiMax",1998-04-22,1998,112
"AL","totpuf_epiMin",1998-07-13,1998,194
"AL","totpuf_hypoMax",1998-05-18,1998,138
"AL","totpuf_hypoMin",1998-06-17,1998,168
"AL","doc_epiMax",1999-08-26,1999,238
"AL","totpuf_epiMax",1999-05-06,1999,126
"AL","totpuf_epiMin",1999-06-04,1999,155
"AL","totpuf_hypoMax",1999-07-28,1999,209
"AL","totpuf_hypoMin",1999-06-28,1999,179
"AL","doc_epiMax",2000-07-24,2000,206
"AL","totpuf_epiMax",2000-08-23,2000,236
"AL","totpuf_epiMin",2000-05-04,2000,125
"AL","totpuf_hypoMax",2000-07-24,2000,206
"AL","totpuf_hypoMin",2000-05-04,2000,125
"AL","doc_epiMax",2001-07-23,2001,204
"AL","totpuf_epiMax",2001-05-01,2001,121
"AL","totpuf_epiMin",2001-05-29,2001,149
"AL","totpuf_hypoMax",2001-06-25,2001,176
"AL","totpuf_hypoMin",2001-05-01,2001,121
"AL","doc_epiMax",2002-08-14,2002,226
"AL","totpuf_epiMax",2002-06-17,2002,168
"AL","totpuf_epiMin",2002-09-09,2002,252
"AL","totpuf_hypoMax",2002-08-14,2002,226
"AL","totpuf_hypoMin",2002-09-09,2002,252
"AL","doc_epiMax",2003-08-18,2003,230
"AL","totpuf_epiMax",2003-08-18,2003,230
"AL","totpuf_epiMin",2003-07-07,2003,188
"AL","totpuf_hypoMax",2003-06-23,2003,174
"AL","totpuf_hypoMin",2003-05-29,2003,149
"AL","doc_epiMax",2004-07-22,2004,204
"AL","totpuf_epiMax",2004-09-10,2004,254
"AL","totpuf_epiMin",2004-05-24,2004,145
"AL","totpuf_hypoMax",2004-08-16,2004,229
"AL","totpuf_hypoMin",2004-07-22,2004,204
"AL","doc_epiMax",2005-08-08,2005,220
"AL","totpuf_epiMax",2005-04-19,2005,109
"AL","totpuf_epiMin",2005-07-11,2005,192
"AL","totpuf_hypoMax",2005-08-08,2005,220
"AL","totpuf_hypoMin",2005-04-19,2005,109
"AL","doc_epiMax",2006-07-11,2006,192
"AL","totpuf_epiMax",2006-09-05,2006,248
"AL","totpuf_epiMin",2006-07-11,2006,192
"AL","totpuf_hypoMax",2006-09-05,2006,248
"AL","totpuf_hypoMin",2006-05-16,2006,136
"AL","doc_epiMax",2007-09-10,2007,253
"AL","totpuf_epiMax",2007-09-10,2007,253
"AL","totpuf_epiMin",2007-05-21,2007,141
"AL","totpuf_hypoMax",2007-05-21,2007,141
"AL","totpuf_hypoMin",2007-04-23,2007,113
"AL","doc_epiMax",2008-05-08,2008,129
"AL","totpuf_epiMax",2008-05-08,2008,129
"AL","totpuf_epiMin",2008-07-28,2008,210
"AL","totpuf_hypoMax",2008-08-25,2008,238
"AL","totpuf_hypoMin",2008-06-30,2008,182
"AL","doc_epiMax",2009-07-21,2009,202
"AL","totpuf_epiMax",2009-05-26,2009,146
"AL","totpuf_epiMin",2009-06-22,2009,173
"AL","totpuf_hypoMax",2009-06-22,2009,173
"AL","totpuf_hypoMin",2009-08-19,2009,231
"AL","doc_epiMax",2010-08-31,2010,243
"AL","totpuf_epiMax",2010-08-02,2010,214
"AL","totpuf_epiMin",2010-08-31,2010,243
"AL","totpuf_hypoMax",2010-07-08,2010,189
"AL","totpuf_hypoMin",2010-08-02,2010,214
"AL","doc_epiMax",2011-08-22,2011,234
"AL","totpuf_epiMax",2011-06-27,2011,178
"AL","totpuf_epiMin",2011-07-25,2011,206
"AL","totpuf_hypoMax",2011-08-22,2011,234
"AL","totpuf_hypoMin",2011-07-25,2011,206
"AL","doc_epiMax",2012-05-29,2012,150
"AL","totpuf_epiMax",2012-07-25,2012,207
"AL","totpuf_epiMin",2012-06-26,2012,178
"AL","totpuf_hypoMax",2012-08-20,2012,233
"AL","totpuf_hypoMin",2012-05-29,2012,150
"AL","doc_epiMax",2013-09-03,2013,246
"AL","totpuf_epiMax",2013-05-14,2013,134
"AL","totpuf_epiMin",2013-06-10,2013,161
"AL","totpuf_hypoMax",2013-10-01,2013,274
"AL","totpuf_hypoMin",2013-05-14,2013,134
"AL","doc_epiMax",2014-07-14,2014,195
"AL","totpuf_epiMax",2014-05-20,2014,140
"AL","totpuf_epiMin",2014-08-12,2014,224
"AL","totpuf_hypoMax",2014-07-14,2014,195
"AL","totpuf_hypoMin",2014-08-12,2014,224
"AL","doc_epiMax",2015-09-08,2015,251
"AL","totpuf_epiMax",2015-09-08,2015,251
"AL","totpuf_epiMin",2015-06-18,2015,169
"AL","totpuf_hypoMax",2015-09-08,2015,251
"AL","totpuf_hypoMin",2015-06-18,2015,169
"AL","doc_epiMax",2016-06-20,2016,172
"AL","totpuf_epiMax",2016-08-18,2016,231
"AL","totpuf_epiMin",2016-06-20,2016,172
"AL","totpuf_hypoMax",2016-04-25,2016,116
"AL","totpuf_hypoMin",2016-05-23,2016,144
"AL","doc_epiMax",2017-07-12,2017,193
"AL","totpuf_epiMax",2017-07-12,2017,193
"AL","totpuf_epiMin",2017-05-16,2017,136
"AL","totpuf_hypoMax",2017-09-05,2017,248
"AL","totpuf_hypoMin",2017-05-16,2017,136
"AL","doc_epiMax",2018-08-08,2018,220
"AL","totpuf_epiMax",2018-05-14,2018,134
"AL","totpuf_epiMin",2018-06-11,2018,162
"AL","totpuf_hypoMax",2018-06-11,2018,162
"AL","totpuf_hypoMin",2018-07-11,2018,192
"BM","doc_epiMax",1985-08-21,1985,233
"BM","doc_epiMax",1986-08-12,1986,224
"BM","totpuf_epiMax",1986-05-19,1986,139
"BM","totpuf_epiMin",1986-07-16,1986,197
"BM","totpuf_hypoMax",1986-08-12,1986,224
"BM","totpuf_hypoMin",1986-05-19,1986,139
"BM","doc_epiMax",1987-08-11,1987,223
"BM","totpuf_epiMax",1987-06-11,1987,162
"BM","totpuf_epiMin",1987-07-14,1987,195
"BM","totpuf_hypoMax",1987-06-11,1987,162
"BM","totpuf_hypoMin",1987-09-09,1987,252
"BM","doc_epiMax",1988-09-12,1988,256
"BM","totpuf_epiMax",1988-09-12,1988,256
"BM","totpuf_epiMin",1988-08-18,1988,231
"BM","totpuf_hypoMax",1988-08-18,1988,231
"BM","totpuf_hypoMin",1988-09-12,1988,256
"BM","doc_epiMax",1989-07-25,1989,206
"BM","totpuf_epiMax",1989-06-27,1989,178
"BM","totpuf_epiMin",1989-08-22,1989,234
"BM","totpuf_hypoMax",1989-07-25,1989,206
"BM","totpuf_hypoMin",1989-09-20,1989,263
"BM","doc_epiMax",1990-09-20,1990,263
"BM","totpuf_epiMax",1990-05-01,1990,121
"BM","totpuf_epiMin",1990-05-31,1990,151
"BM","totpuf_hypoMax",1990-06-26,1990,177
"BM","totpuf_hypoMin",1990-08-21,1990,233
"BM","doc_epiMax",1991-08-27,1991,239
"BM","totpuf_epiMax",1991-09-24,1991,267
"BM","totpuf_epiMin",1991-06-05,1991,156
"BM","totpuf_hypoMax",1991-08-27,1991,239
"BM","totpuf_hypoMin",1991-06-05,1991,156
"BM","doc_epiMax",1992-07-08,1992,190
"BM","totpuf_epiMax",1992-09-23,1992,267
"BM","totpuf_epiMin",1992-06-03,1992,155
"BM","totpuf_hypoMax",1992-09-23,1992,267
"BM","totpuf_hypoMin",1992-06-03,1992,155
"BM","doc_epiMax",1993-06-02,1993,153
"BM","totpuf_epiMax",1993-09-21,1993,264
"BM","totpuf_epiMin",1993-06-02,1993,153
"BM","totpuf_hypoMax",1993-07-28,1993,209
"BM","totpuf_hypoMin",1993-06-28,1993,179
"BM","doc_epiMax",1994-06-29,1994,180
"BM","totpuf_epiMax",1994-06-29,1994,180
"BM","totpuf_epiMin",1994-08-26,1994,238
"BM","totpuf_hypoMax",1994-08-26,1994,238
"BM","totpuf_hypoMin",1994-06-01,1994,152
"BM","doc_epiMax",1995-09-20,1995,263
"BM","totpuf_epiMax",1995-09-20,1995,263
"BM","totpuf_epiMin",1995-07-25,1995,206
"BM","totpuf_hypoMax",1995-09-20,1995,263
"BM","totpuf_hypoMin",1995-08-23,1995,235
"BM","doc_epiMax",1996-09-03,1996,247
"BM","totpuf_epiMax",1996-06-10,1996,162
"BM","totpuf_epiMin",1996-07-10,1996,192
"BM","totpuf_hypoMax",1996-10-02,1996,276
"BM","totpuf_hypoMin",1996-09-03,1996,247
"BM","doc_epiMax",1997-06-30,1997,181
"BM","totpuf_epiMax",1997-09-22,1997,265
"BM","totpuf_epiMin",1997-06-30,1997,181
"BM","totpuf_hypoMax",1997-09-22,1997,265
"BM","totpuf_hypoMin",1997-07-30,1997,211
"BM","doc_epiMax",1998-09-08,1998,251
"BM","totpuf_epiMax",1998-04-23,1998,113
"BM","totpuf_epiMin",1998-07-13,1998,194
"BM","totpuf_hypoMax",1998-09-08,1998,251
"BM","totpuf_hypoMin",1998-04-23,1998,113
"BM","doc_epiMax",1999-06-28,1999,179
"BM","totpuf_epiMax",1999-06-01,1999,152
"BM","totpuf_epiMin",1999-06-28,1999,179
"BM","totpuf_hypoMax",1999-09-23,1999,266
"BM","totpuf_hypoMin",1999-06-28,1999,179
"BM","doc_epiMax",2000-09-20,2000,264
"BM","totpuf_epiMax",2000-08-24,2000,237
"BM","totpuf_epiMin",2000-05-02,2000,123
"BM","totpuf_hypoMax",2000-07-24,2000,206
"BM","totpuf_hypoMin",2000-05-30,2000,151
"BM","doc_epiMax",2001-09-17,2001,260
"BM","totpuf_epiMax",2001-09-17,2001,260
"BM","totpuf_epiMin",2001-08-21,2001,233
"BM","totpuf_hypoMax",2001-09-17,2001,260
"BM","totpuf_hypoMin",2001-05-04,2001,124
"BM","doc_epiMax",2002-08-12,2002,224
"BM","totpuf_epiMax",2002-05-20,2002,140
"BM","totpuf_epiMin",2002-08-12,2002,224
"BM","totpuf_hypoMax",2002-09-09,2002,252
"BM","totpuf_hypoMin",2002-07-03,2002,184
"BM","doc_epiMax",2003-08-19,2003,231
"BM","totpuf_epiMax",2003-08-19,2003,231
"BM","totpuf_epiMin",2003-05-30,2003,150
"BM","totpuf_hypoMax",2003-08-19,2003,231
"BM","totpuf_hypoMin",2003-05-30,2003,150
"BM","doc_epiMax",2004-06-22,2004,174
"BM","totpuf_epiMax",2004-08-17,2004,230
"BM","totpuf_epiMin",2004-05-25,2004,146
"BM","totpuf_hypoMax",2004-09-13,2004,257
"BM","totpuf_hypoMin",2004-06-22,2004,174
"BM","doc_epiMax",2005-06-14,2005,165
"BM","totpuf_epiMax",2005-09-09,2005,252
"BM","totpuf_epiMin",2005-06-14,2005,165
"BM","totpuf_hypoMax",2005-10-05,2005,278
"BM","totpuf_hypoMin",2005-06-14,2005,165
"BM","doc_epiMax",2006-07-10,2006,191
"BM","totpuf_epiMax",2006-04-24,2006,114
"BM","totpuf_epiMin",2006-05-19,2006,139
"BM","totpuf_hypoMax",2006-05-19,2006,139
"BM","totpuf_hypoMin",2006-07-10,2006,191
"BM","doc_epiMax",2007-09-11,2007,254
"BM","totpuf_epiMax",2007-09-11,2007,254
"BM","totpuf_epiMin",2007-05-22,2007,142
"BM","totpuf_hypoMax",2007-09-11,2007,254
"BM","totpuf_hypoMin",2007-05-22,2007,142
"BM","doc_epiMax",2008-07-30,2008,212
"BM","totpuf_epiMax",2008-05-09,2008,130
"BM","totpuf_epiMin",2008-06-03,2008,155
"BM","totpuf_hypoMax",2008-09-22,2008,266
"BM","totpuf_hypoMin",2008-07-01,2008,183
"BM","doc_epiMax",2009-06-23,2009,174
"BM","totpuf_epiMax",2009-09-14,2009,257
"BM","totpuf_epiMin",2009-07-20,2009,201
"BM","totpuf_hypoMax",2009-09-14,2009,257
"BM","totpuf_hypoMin",2009-07-20,2009,201
"BM","doc_epiMax",2010-06-07,2010,158
"BM","totpuf_epiMax",2010-08-02,2010,214
"BM","totpuf_epiMin",2010-07-09,2010,190
"BM","totpuf_hypoMax",2010-08-30,2010,242
"BM","totpuf_hypoMin",2010-05-10,2010,130
"BM","doc_epiMax",2011-07-01,2011,182
"BM","totpuf_epiMax",2011-08-23,2011,235
"BM","totpuf_epiMin",2011-07-27,2011,208
"BM","totpuf_hypoMax",2011-09-19,2011,262
"BM","totpuf_hypoMin",2011-05-31,2011,151
"BM","doc_epiMax",2012-09-17,2012,261
"BM","totpuf_epiMax",2012-09-17,2012,261
"BM","totpuf_epiMin",2012-08-20,2012,233
"BM","totpuf_hypoMax",2012-08-20,2012,233
"BM","totpuf_hypoMin",2012-07-23,2012,205
"BM","doc_epiMax",2013-08-07,2013,219
"BM","totpuf_epiMax",2013-09-03,2013,246
"BM","totpuf_epiMin",2013-06-10,2013,161
"BM","totpuf_hypoMax",2013-09-03,2013,246
"BM","totpuf_hypoMin",2013-07-08,2013,189
"BM","doc_epiMax",2014-08-11,2014,223
"BM","totpuf_epiMax",2014-05-20,2014,140
"BM","totpuf_epiMin",2014-08-11,2014,223
"BM","totpuf_hypoMax",2014-06-16,2014,167
"BM","totpuf_hypoMin",2014-08-11,2014,223
"BM","doc_epiMax",2015-09-09,2015,252
"BM","totpuf_epiMax",2015-10-05,2015,278
"BM","totpuf_epiMin",2015-08-12,2015,224
"BM","totpuf_hypoMax",2015-10-05,2015,278
"BM","totpuf_hypoMin",2015-05-19,2015,139
"BM","doc_epiMax",2016-07-20,2016,202
"BM","totpuf_epiMax",2016-09-13,2016,257
"BM","totpuf_epiMin",2016-06-21,2016,173
"BM","totpuf_hypoMax",2016-09-13,2016,257
"BM","totpuf_hypoMin",2016-06-21,2016,173
"BM","doc_epiMax",2017-06-13,2017,164
"BM","totpuf_epiMax",2017-05-16,2017,136
"BM","totpuf_epiMin",2017-06-13,2017,164
"BM","totpuf_hypoMax",2017-09-06,2017,249
"BM","totpuf_hypoMin",2017-06-13,2017,164
"BM","doc_epiMax",2018-07-09,2018,190
"BM","totpuf_epiMax",2018-05-16,2018,136
"BM","totpuf_epiMin",2018-08-06,2018,218
"BM","totpuf_hypoMax",2018-05-16,2018,136
"BM","totpuf_hypoMin",2018-10-01,2018,274
"CB","doc_epiMax",1986-04-23,1986,113
"CB","totpuf_epiMax",1986-04-23,1986,113
"CB","totpuf_epiMin",1986-07-14,1986,195
"CB","totpuf_hypoMax",1986-07-14,1986,195
"CB","totpuf_hypoMin",1986-08-11,1986,223
"CB","doc_epiMax",1987-06-23,1987,174
"CB","totpuf_epiMax",1987-08-13,1987,225
"CB","totpuf_epiMin",1987-04-13,1987,103
"CB","totpuf_hypoMax",1987-06-23,1987,174
"CB","totpuf_hypoMin",1987-07-14,1987,195
"CB","doc_epiMax",1988-07-18,1988,200
"CB","totpuf_epiMax",1988-08-15,1988,228
"CB","totpuf_epiMin",1988-05-23,1988,144
"CB","totpuf_hypoMax",1988-07-18,1988,200
"CB","totpuf_hypoMin",1988-05-23,1988,144
"CB","doc_epiMax",1989-06-26,1989,177
"CB","totpuf_epiMax",1989-08-23,1989,235
"CB","totpuf_epiMin",1989-09-19,1989,262
"CB","totpuf_hypoMax",1989-06-26,1989,177
"CB","totpuf_hypoMin",1989-09-19,1989,262
"CB","doc_epiMax",1990-05-30,1990,150
"CB","totpuf_epiMax",1990-08-20,1990,232
"CB","totpuf_epiMin",1990-06-25,1990,176
"CB","totpuf_hypoMax",1990-05-02,1990,122
"CB","totpuf_hypoMin",1990-08-20,1990,232
"CB","doc_epiMax",1991-07-31,1991,212
"CB","totpuf_epiMax",1991-08-26,1991,238
"CB","totpuf_epiMin",1991-06-03,1991,154
"CB","totpuf_hypoMax",1991-06-03,1991,154
"CB","totpuf_hypoMin",1991-07-31,1991,212
"CB","doc_epiMax",1992-07-08,1992,190
"CB","totpuf_epiMax",1992-07-08,1992,190
"CB","totpuf_epiMin",1992-08-26,1992,239
"CB","totpuf_hypoMax",1992-07-08,1992,190
"CB","totpuf_hypoMin",1992-08-26,1992,239
"CB","doc_epiMax",1993-07-01,1993,182
"CB","totpuf_epiMax",1993-07-29,1993,210
"CB","totpuf_epiMin",1993-06-03,1993,154
"CB","totpuf_hypoMax",1993-05-04,1993,124
"CB","totpuf_hypoMin",1993-08-25,1993,237
"CB","doc_epiMax",1994-06-29,1994,180
"CB","totpuf_epiMax",1994-08-22,1994,234
"CB","totpuf_epiMin",1994-08-22,1994,234
"CB","totpuf_hypoMax",1994-06-29,1994,180
"CB","totpuf_hypoMin",1994-05-02,1994,122
"CB","doc_epiMax",1995-07-24,1995,205
"CB","totpuf_epiMax",1995-06-27,1995,178
"CB","totpuf_epiMin",1995-06-02,1995,153
"CB","totpuf_hypoMax",1995-08-22,1995,234
"CB","totpuf_hypoMin",1995-05-02,1995,122
"CB","doc_epiMax",1996-07-08,1996,190
"CB","totpuf_epiMax",1996-07-08,1996,190
"CB","totpuf_epiMin",1996-09-05,1996,249
"CB","totpuf_hypoMax",1996-07-08,1996,190
"CB","totpuf_hypoMin",1996-05-08,1996,129
"CB","doc_epiMax",1997-07-29,1997,210
"CB","totpuf_epiMax",1997-07-29,1997,210
"CB","totpuf_epiMin",1997-05-07,1997,127
"CB","totpuf_hypoMax",1997-05-07,1997,127
"CB","totpuf_hypoMin",1997-06-02,1997,153
"CB","doc_epiMax",1998-06-16,1998,167
"CB","totpuf_epiMax",1998-04-20,1998,110
"CB","totpuf_epiMin",1998-05-19,1998,139
"CB","totpuf_hypoMax",1998-07-15,1998,196
"CB","totpuf_hypoMin",1998-04-20,1998,110
"CB","doc_epiMax",1999-06-02,1999,153
"CB","totpuf_epiMax",1999-06-30,1999,181
"CB","totpuf_epiMin",1999-07-26,1999,207
"CB","totpuf_hypoMax",1999-08-25,1999,237
"CB","totpuf_hypoMin",1999-05-04,1999,124
"CB","doc_epiMax",2000-07-27,2000,209
"CB","totpuf_epiMax",2000-05-01,2000,122
"CB","totpuf_epiMin",2000-06-28,2000,180
"CB","totpuf_hypoMax",2000-05-31,2000,152
"CB","totpuf_hypoMin",2000-10-18,2000,292
"CB","doc_epiMax",2001-08-22,2001,234
"CB","totpuf_epiMax",2001-06-26,2001,177
"CB","totpuf_epiMin",2001-07-24,2001,205
"CB","totpuf_hypoMax",2001-08-22,2001,234
"CB","totpuf_hypoMin",2001-05-03,2001,123
"CB","doc_epiMax",2002-05-21,2002,141
"CB","totpuf_epiMax",2002-05-21,2002,141
"CB","totpuf_epiMin",2002-08-13,2002,225
"CB","totpuf_hypoMax",2002-08-13,2002,225
"CB","totpuf_hypoMin",2002-06-18,2002,169
"CB","doc_epiMax",2003-05-01,2003,121
"CB","totpuf_epiMax",2003-05-01,2003,121
"CB","totpuf_epiMin",2003-05-27,2003,147
"CB","totpuf_hypoMax",2003-08-18,2003,230
"CB","totpuf_hypoMin",2003-05-01,2003,121
"CB","doc_epiMax",2004-04-28,2004,119
"CB","totpuf_epiMax",2004-06-23,2004,175
"CB","totpuf_epiMin",2004-09-14,2004,258
"CB","totpuf_hypoMax",2004-09-14,2004,258
"CB","totpuf_hypoMin",2004-07-20,2004,202
"CB","doc_epiMax",2005-06-15,2005,166
"CB","totpuf_epiMax",2005-05-17,2005,137
"CB","totpuf_epiMin",2005-09-07,2005,250
"CB","totpuf_hypoMax",2005-08-09,2005,221
"CB","totpuf_hypoMin",2005-04-18,2005,108
"CB","doc_epiMax",2006-05-17,2006,137
"CB","totpuf_epiMax",2006-06-13,2006,164
"CB","totpuf_epiMin",2006-04-18,2006,108
"CB","totpuf_hypoMax",2006-08-07,2006,219
"CB","totpuf_hypoMin",2006-04-18,2006,108
"CB","doc_epiMax",2007-07-18,2007,199
"CB","totpuf_epiMax",2007-06-18,2007,169
"CB","totpuf_epiMin",2007-04-23,2007,113
"CB","totpuf_hypoMax",2007-08-14,2007,226
"CB","totpuf_hypoMin",2007-06-18,2007,169
"CB","doc_epiMax",2008-05-06,2008,127
"CB","totpuf_epiMax",2008-07-02,2008,184
"CB","totpuf_epiMin",2008-08-27,2008,240
"CB","totpuf_hypoMax",2008-07-29,2008,211
"CB","totpuf_hypoMin",2008-09-25,2008,269
"CB","doc_epiMax",2009-07-22,2009,203
"CB","totpuf_epiMax",2009-04-27,2009,117
"CB","totpuf_epiMin",2009-08-18,2009,230
"CB","totpuf_hypoMax",2009-05-27,2009,147
"CB","totpuf_hypoMin",2009-04-27,2009,117
"CB","doc_epiMax",2010-09-02,2010,245
"CB","totpuf_epiMax",2010-04-14,2010,104
"CB","totpuf_epiMin",2010-09-02,2010,245
"CB","totpuf_hypoMax",2010-08-04,2010,216
"CB","totpuf_hypoMin",2010-06-08,2010,159
"CB","doc_epiMax",2011-06-02,2011,153
"CB","totpuf_epiMax",2011-06-29,2011,180
"CB","totpuf_epiMin",2011-06-02,2011,153
"CB","totpuf_hypoMax",2011-06-29,2011,180
"CB","totpuf_hypoMin",2011-06-02,2011,153
"CB","doc_epiMax",2012-06-27,2012,179
"CB","totpuf_epiMax",2012-05-01,2012,122
"CB","totpuf_epiMin",2012-08-22,2012,235
"CB","totpuf_hypoMax",2012-06-27,2012,179
"CB","totpuf_hypoMin",2012-04-04,2012,95
"CB","doc_epiMax",2013-06-11,2013,162
"CB","totpuf_epiMax",2013-07-09,2013,190
"CB","totpuf_epiMin",2013-06-11,2013,162
"CB","totpuf_hypoMax",2013-09-05,2013,248
"CB","totpuf_hypoMin",2013-06-11,2013,162
"CB","doc_epiMax",2014-08-13,2014,225
"CB","totpuf_epiMax",2014-09-10,2014,253
"CB","totpuf_epiMin",2014-08-13,2014,225
"CB","totpuf_hypoMax",2014-07-15,2014,196
"CB","totpuf_hypoMin",2014-08-13,2014,225
"CB","doc_epiMax",2015-05-20,2015,140
"CB","totpuf_epiMax",2015-04-20,2015,110
"CB","totpuf_epiMin",2015-08-12,2015,224
"CB","totpuf_hypoMax",2015-08-12,2015,224
"CB","totpuf_hypoMin",2015-09-09,2015,252
"CB","doc_epiMax",2016-06-21,2016,173
"CB","totpuf_epiMax",2016-09-13,2016,257
"CB","totpuf_epiMin",2016-05-25,2016,146
"CB","totpuf_hypoMax",2016-08-17,2016,230
"CB","totpuf_hypoMin",2016-04-22,2016,113
"CB","doc_epiMax",2017-07-11,2017,192
"CB","totpuf_epiMax",2017-04-18,2017,108
"CB","totpuf_epiMin",2017-05-18,2017,138
"CB","totpuf_hypoMax",2017-07-11,2017,192
"CB","totpuf_hypoMin",2017-10-03,2017,276
"CB","doc_epiMax",2018-08-07,2018,219
"CB","totpuf_epiMax",2018-05-14,2018,134
"CB","totpuf_epiMin",2018-08-07,2018,219
"CB","totpuf_hypoMax",2018-09-05,2018,248
"CB","totpuf_hypoMin",2018-05-14,2018,134
"CR","doc_epiMax",1985-08-22,1985,234
"CR","doc_epiMax",1986-05-22,1986,142
"CR","totpuf_epiMax",1986-09-11,1986,254
"CR","totpuf_epiMin",1986-06-19,1986,170
"CR","totpuf_hypoMax",1986-09-11,1986,254
"CR","totpuf_hypoMin",1986-06-19,1986,170
"CR","doc_epiMax",1987-08-12,1987,224
"CR","totpuf_epiMax",1987-06-22,1987,173
"CR","totpuf_epiMin",1987-04-21,1987,111
"CR","totpuf_hypoMax",1987-09-08,1987,251
"CR","totpuf_hypoMin",1987-05-20,1987,140
"CR","doc_epiMax",1988-07-21,1988,203
"CR","totpuf_epiMax",1988-08-17,1988,230
"CR","totpuf_epiMin",1988-07-21,1988,203
"CR","totpuf_hypoMax",1988-09-13,1988,257
"CR","totpuf_hypoMin",1988-05-26,1988,147
"CR","doc_epiMax",1989-08-24,1989,236
"CR","totpuf_epiMax",1989-06-01,1989,152
"CR","totpuf_epiMin",1989-09-21,1989,264
"CR","totpuf_hypoMax",1989-10-19,1989,292
"CR","totpuf_hypoMin",1989-06-29,1989,180
"CR","doc_epiMax",1990-09-19,1990,262
"CR","totpuf_epiMax",1990-08-23,1990,235
"CR","totpuf_epiMin",1990-06-28,1990,179
"CR","totpuf_hypoMax",1990-08-23,1990,235
"CR","totpuf_hypoMin",1990-06-28,1990,179
"CR","doc_epiMax",1991-08-29,1991,241
"CR","totpuf_epiMax",1991-09-25,1991,268
"CR","totpuf_epiMin",1991-07-02,1991,183
"CR","totpuf_hypoMax",1991-07-02,1991,183
"CR","totpuf_hypoMin",1991-06-06,1991,157
"CR","doc_epiMax",1992-07-06,1992,188
"CR","totpuf_epiMax",1992-09-22,1992,266
"CR","totpuf_epiMin",1992-07-06,1992,188
"CR","totpuf_hypoMax",1992-09-22,1992,266
"CR","totpuf_hypoMin",1992-07-06,1992,188
"CR","doc_epiMax",1993-08-24,1993,236
"CR","totpuf_epiMax",1993-06-02,1993,153
"CR","totpuf_epiMin",1993-06-29,1993,180
"CR","totpuf_hypoMax",1993-09-21,1993,264
"CR","totpuf_hypoMin",1993-06-29,1993,180
"CR","doc_epiMax",1994-09-22,1994,265
"CR","totpuf_epiMax",1994-09-22,1994,265
"CR","totpuf_epiMin",1994-06-02,1994,153
"CR","totpuf_hypoMax",1994-09-22,1994,265
"CR","totpuf_hypoMin",1994-07-28,1994,209
"CR","doc_epiMax",1995-08-23,1995,235
"CR","totpuf_epiMax",1995-05-03,1995,123
"CR","totpuf_epiMin",1995-06-28,1995,179
"CR","totpuf_hypoMax",1995-07-27,1995,208
"CR","totpuf_hypoMin",1995-05-03,1995,123
"CR","doc_epiMax",1996-08-07,1996,220
"CR","totpuf_epiMax",1996-06-11,1996,163
"CR","totpuf_epiMin",1996-08-07,1996,220
"CR","totpuf_hypoMax",1996-09-04,1996,248
"CR","totpuf_hypoMin",1996-06-11,1996,163
"CR","doc_epiMax",1997-08-25,1997,237
"CR","totpuf_epiMax",1997-09-23,1997,266
"CR","totpuf_epiMin",1997-05-07,1997,127
"CR","totpuf_hypoMax",1997-05-07,1997,127
"CR","totpuf_hypoMin",1997-06-03,1997,154
"CR","doc_epiMax",1998-04-22,1998,112
"CR","totpuf_epiMax",1998-04-22,1998,112
"CR","totpuf_epiMin",1998-09-10,1998,253
"CR","totpuf_hypoMax",1998-10-07,1998,280
"CR","totpuf_hypoMin",1998-04-22,1998,112
"CR","doc_epiMax",1999-07-29,1999,210
"CR","totpuf_epiMax",1999-06-30,1999,181
"CR","totpuf_epiMin",1999-07-29,1999,210
"CR","totpuf_hypoMax",1999-09-22,1999,265
"CR","totpuf_hypoMin",1999-05-05,1999,125
"CR","doc_epiMax",2000-09-21,2000,265
"CR","totpuf_epiMax",2000-10-19,2000,293
"CR","totpuf_epiMin",2000-06-28,2000,180
"CR","totpuf_hypoMax",2000-10-19,2000,293
"CR","totpuf_hypoMin",2000-05-03,2000,124
"CR","doc_epiMax",2001-06-28,2001,179
"CR","totpuf_epiMax",2001-06-28,2001,179
"CR","totpuf_epiMin",2001-06-01,2001,152
"CR","totpuf_hypoMax",2001-08-23,2001,235
"CR","totpuf_hypoMin",2001-05-03,2001,123
"CR","doc_epiMax",2002-06-20,2002,171
"CR","totpuf_epiMax",2002-07-18,2002,199
"CR","totpuf_epiMin",2002-09-11,2002,254
"CR","totpuf_hypoMax",2002-05-23,2002,143
"CR","totpuf_hypoMin",2002-08-15,2002,227
"CR","doc_epiMax",2003-08-21,2003,233
"CR","totpuf_epiMax",2003-05-28,2003,148
"CR","totpuf_epiMin",2003-09-18,2003,261
"CR","totpuf_hypoMax",2003-08-21,2003,233
"CR","totpuf_hypoMin",2003-05-02,2003,122
"CR","doc_epiMax",2004-10-13,2004,287
"CR","totpuf_epiMax",2004-10-13,2004,287
"CR","totpuf_epiMin",2004-07-21,2004,203
"CR","totpuf_hypoMax",2004-10-13,2004,287
"CR","totpuf_hypoMin",2004-05-27,2004,148
"CR","doc_epiMax",2005-06-15,2005,166
"CR","totpuf_epiMax",2005-10-07,2005,280
"CR","totpuf_epiMin",2005-08-10,2005,222
"CR","totpuf_hypoMax",2005-10-07,2005,280
"CR","totpuf_hypoMin",2005-05-18,2005,138
"CR","doc_epiMax",2006-08-10,2006,222
"CR","totpuf_epiMax",2006-04-19,2006,109
"CR","totpuf_epiMin",2006-08-10,2006,222
"CR","totpuf_hypoMax",2006-08-10,2006,222
"CR","totpuf_hypoMin",2006-04-19,2006,109
"CR","doc_epiMax",2007-09-13,2007,256
"CR","totpuf_epiMax",2007-09-13,2007,256
"CR","totpuf_epiMin",2007-05-24,2007,144
"CR","totpuf_hypoMax",2007-09-13,2007,256
"CR","totpuf_hypoMin",2007-04-24,2007,114
"CR","doc_epiMax",2008-07-30,2008,212
"CR","totpuf_epiMax",2008-05-06,2008,127
"CR","totpuf_epiMin",2008-07-30,2008,212
"CR","totpuf_hypoMax",2008-07-02,2008,184
"CR","totpuf_hypoMin",2008-06-05,2008,157
"CR","doc_epiMax",2009-07-23,2009,204
"CR","totpuf_epiMax",2009-07-23,2009,204
"CR","totpuf_epiMin",2009-08-20,2009,232
"CR","totpuf_hypoMax",2009-09-16,2009,259
"CR","totpuf_hypoMin",2009-05-29,2009,149
"CR","doc_epiMax",2010-04-15,2010,105
"CR","totpuf_epiMax",2010-05-12,2010,132
"CR","totpuf_epiMin",2010-06-09,2010,160
"CR","totpuf_hypoMax",2010-08-05,2010,217
"CR","totpuf_hypoMin",2010-06-09,2010,160
"CR","doc_epiMax",2011-08-24,2011,236
"CR","totpuf_epiMax",2011-06-30,2011,181
"CR","totpuf_epiMin",2011-08-24,2011,236
"CR","totpuf_hypoMax",2011-09-22,2011,265
"CR","totpuf_hypoMin",2011-06-15,2011,166
"CR","doc_epiMax",2012-07-11,2012,193
"CR","totpuf_epiMax",2012-08-08,2012,221
"CR","totpuf_epiMin",2012-08-22,2012,235
"CR","totpuf_hypoMax",2012-07-11,2012,193
"CR","totpuf_hypoMin",2012-05-04,2012,125
"CR","doc_epiMax",2013-06-11,2013,162
"CR","totpuf_epiMax",2013-08-08,2013,220
"CR","totpuf_epiMin",2013-07-10,2013,191
"CR","totpuf_hypoMax",2013-08-08,2013,220
"CR","totpuf_hypoMin",2013-06-27,2013,178
"CR","doc_epiMax",2014-07-17,2014,198
"CR","totpuf_epiMax",2014-07-17,2014,198
"CR","totpuf_epiMin",2014-08-13,2014,225
"CR","totpuf_hypoMax",2014-10-07,2014,280
"CR","totpuf_hypoMin",2014-08-13,2014,225
"CR","doc_epiMax",2015-09-10,2015,253
"CR","totpuf_epiMax",2015-04-20,2015,110
"CR","totpuf_epiMin",2015-07-13,2015,194
"CR","totpuf_hypoMax",2015-09-10,2015,253
"CR","totpuf_hypoMin",2015-08-10,2015,222
"CR","doc_epiMax",2016-07-19,2016,201
"CR","totpuf_epiMax",2016-07-19,2016,201
"CR","totpuf_epiMin",2016-06-22,2016,174
"CR","totpuf_hypoMax",2016-10-11,2016,285
"CR","totpuf_hypoMin",2016-07-19,2016,201
"CR","doc_epiMax",2017-07-12,2017,193
"CR","totpuf_epiMax",2017-05-17,2017,137
"CR","totpuf_epiMin",2017-07-12,2017,193
"CR","totpuf_hypoMax",2017-10-04,2017,277
"CR","totpuf_hypoMin",2017-07-12,2017,193
"CR","doc_epiMax",2018-07-10,2018,191
"CR","totpuf_epiMax",2018-06-12,2018,163
"CR","totpuf_epiMin",2018-10-03,2018,276
"CR","totpuf_hypoMax",2018-09-06,2018,249
"CR","totpuf_hypoMin",2018-07-10,2018,191
"FI","doc_epiMax",1996-07-10,1996,192
"FI","totpuf_epiMax",1996-05-02,1996,123
"FI","totpuf_epiMin",1996-10-01,1996,275
"FI","totpuf_hypoMax",1996-08-07,1996,220
"FI","totpuf_hypoMin",1996-05-02,1996,123
"FI","doc_epiMax",1997-07-08,1997,189
"FI","totpuf_epiMax",1997-05-12,1997,132
"FI","totpuf_epiMin",1997-08-19,1997,231
"FI","totpuf_hypoMax",1997-08-05,1997,217
"FI","totpuf_hypoMin",1997-04-30,1997,120
"FI","doc_epiMax",1998-09-01,1998,244
"FI","totpuf_epiMax",1998-09-01,1998,244
"FI","totpuf_epiMin",1998-09-29,1998,272
"FI","totpuf_hypoMax",1998-09-01,1998,244
"FI","totpuf_hypoMin",1998-05-12,1998,132
"FI","doc_epiMax",1999-09-28,1999,271
"FI","totpuf_epiMax",1999-08-03,1999,215
"FI","totpuf_epiMin",1999-05-11,1999,131
"FI","totpuf_hypoMax",1999-09-28,1999,271
"FI","totpuf_hypoMin",1999-05-11,1999,131
"FI","doc_epiMax",2000-05-10,2000,131
"FI","totpuf_epiMax",2000-05-24,2000,145
"FI","totpuf_epiMin",2000-08-14,2000,227
"FI","totpuf_hypoMax",2000-09-26,2000,270
"FI","totpuf_hypoMin",2000-05-10,2000,131
"FI","doc_epiMax",2001-08-29,2001,241
"FI","totpuf_epiMax",2001-06-19,2001,170
"FI","totpuf_epiMin",2001-07-03,2001,184
"FI","totpuf_hypoMax",2001-09-25,2001,268
"FI","totpuf_hypoMin",2001-04-24,2001,114
"FI","doc_epiMax",2002-09-25,2002,268
"FI","totpuf_epiMax",2002-04-25,2002,115
"FI","totpuf_epiMin",2002-06-05,2002,156
"FI","totpuf_hypoMax",2002-07-17,2002,198
"FI","totpuf_hypoMin",2002-04-25,2002,115
"FI","doc_epiMax",2003-08-06,2003,218
"FI","totpuf_epiMax",2003-05-14,2003,134
"FI","totpuf_epiMin",2003-05-28,2003,148
"FI","totpuf_hypoMax",2003-09-05,2003,248
"FI","totpuf_hypoMin",2003-05-14,2003,134
"FI","doc_epiMax",2004-08-05,2004,218
"FI","totpuf_epiMax",2004-08-05,2004,218
"FI","totpuf_epiMin",2004-06-09,2004,161
"FI","totpuf_hypoMax",2004-08-05,2004,218
"FI","totpuf_hypoMin",2004-04-16,2004,107
"FI","doc_epiMax",2005-08-05,2005,217
"FI","totpuf_epiMax",2005-05-26,2005,146
"FI","totpuf_epiMin",2005-05-13,2005,133
"FI","totpuf_hypoMax",2005-09-29,2005,272
"FI","totpuf_hypoMin",2005-05-13,2005,133
"FI","doc_epiMax",2006-08-10,2006,222
"FI","totpuf_epiMax",2006-04-21,2006,111
"FI","totpuf_epiMin",2006-09-13,2006,256
"FI","totpuf_hypoMax",2006-09-13,2006,256
"FI","totpuf_hypoMin",2006-04-21,2006,111
"FI","doc_epiMax",2007-07-10,2007,191
"FI","totpuf_epiMax",2007-05-01,2007,121
"FI","totpuf_epiMin",2007-06-12,2007,163
"FI","totpuf_hypoMax",2007-10-10,2007,283
"FI","totpuf_hypoMin",2007-05-18,2007,138
"FI","doc_epiMax",2008-07-10,2008,192
"FI","totpuf_epiMax",2008-06-13,2008,165
"FI","totpuf_epiMin",2008-08-07,2008,220
"FI","totpuf_hypoMax",2008-08-07,2008,220
"FI","totpuf_hypoMin",2008-05-16,2008,137
"FI","doc_epiMax",2009-08-06,2009,218
"FI","totpuf_epiMax",2009-05-04,2009,124
"FI","totpuf_epiMin",2009-06-15,2009,166
"FI","totpuf_hypoMax",2009-07-08,2009,189
"FI","totpuf_hypoMin",2009-04-22,2009,112
"FI","doc_epiMax",2010-04-16,2010,106
"FI","totpuf_epiMax",2010-04-01,2010,91
"FI","totpuf_epiMin",2010-08-18,2010,230
"FI","totpuf_hypoMax",2010-05-14,2010,134
"FI","totpuf_hypoMin",2010-04-16,2010,106
"FI","doc_epiMax",2011-06-16,2011,167
"FI","totpuf_epiMax",2011-06-30,2011,181
"FI","totpuf_epiMin",2011-08-11,2011,223
"FI","totpuf_hypoMax",2011-08-11,2011,223
"FI","totpuf_hypoMin",2011-05-19,2011,139
"FI","doc_epiMax",2012-09-06,2012,250
"FI","totpuf_epiMax",2012-05-04,2012,125
"FI","totpuf_epiMin",2012-09-06,2012,250
"FI","totpuf_hypoMax",2012-06-14,2012,166
"FI","totpuf_hypoMin",2012-04-19,2012,110
"FI","doc_epiMax",2013-05-20,2013,140
"FI","totpuf_epiMax",2013-07-10,2013,191
"FI","totpuf_epiMin",2013-09-12,2013,255
"FI","totpuf_hypoMax",2013-10-03,2013,276
"FI","totpuf_hypoMin",2013-05-08,2013,128
"FI","doc_epiMax",2014-06-11,2014,162
"FI","totpuf_epiMax",2014-06-11,2014,162
"FI","totpuf_epiMin",2014-08-18,2014,230
"FI","totpuf_hypoMax",2014-08-07,2014,219
"FI","totpuf_hypoMin",2014-05-13,2014,133
"FI","doc_epiMax",2015-10-08,2015,281
"FI","totpuf_epiMax",2015-04-15,2015,105
"FI","totpuf_epiMin",2015-07-07,2015,188
"FI","totpuf_hypoMax",2015-07-07,2015,188
"FI","totpuf_hypoMin",2015-04-30,2015,120
"FI","doc_epiMax",2016-09-27,2016,271
"FI","totpuf_epiMax",2016-04-29,2016,120
"FI","totpuf_epiMin",2016-09-27,2016,271
"FI","totpuf_hypoMax",2016-09-01,2016,245
"FI","totpuf_hypoMin",2016-09-27,2016,271
"FI","doc_epiMax",2017-08-11,2017,223
"FI","totpuf_epiMax",2017-04-20,2017,110
"FI","totpuf_epiMin",2017-10-03,2017,276
"FI","totpuf_hypoMax",2017-10-03,2017,276
"FI","totpuf_hypoMin",2017-05-05,2017,125
"FI","doc_epiMax",2018-09-07,2018,250
"FI","totpuf_epiMax",2018-06-27,2018,178
"FI","totpuf_epiMin",2018-08-20,2018,232
"FI","totpuf_hypoMax",2018-10-05,2018,278
"FI","totpuf_hypoMin",2018-04-25,2018,115
"ME","totpuf_epiMax",1995-05-23,1995,143
"ME","totpuf_epiMin",1995-08-30,1995,242
"ME","totpuf_hypoMax",1995-08-02,1995,214
"ME","totpuf_hypoMin",1995-06-06,1995,157
"ME","doc_epiMax",1996-07-08,1996,190
"ME","totpuf_epiMax",1996-05-28,1996,149
"ME","totpuf_epiMin",1996-09-05,1996,249
"ME","totpuf_hypoMax",1996-09-05,1996,249
"ME","totpuf_hypoMin",1996-06-10,1996,162
"ME","doc_epiMax",1997-06-11,1997,162
"ME","totpuf_epiMax",1997-05-13,1997,133
"ME","totpuf_epiMin",1997-08-06,1997,218
"ME","totpuf_hypoMax",1997-09-02,1997,245
"ME","totpuf_hypoMin",1997-05-13,1997,133
"ME","doc_epiMax",1998-08-02,1998,214
"ME","totpuf_epiMax",1998-06-22,1998,173
"ME","totpuf_epiMin",1998-09-02,1998,245
"ME","totpuf_hypoMax",1998-08-02,1998,214
"ME","totpuf_hypoMin",1998-04-24,1998,114
"ME","doc_epiMax",1999-07-06,1999,187
"ME","totpuf_epiMax",1999-05-10,1999,130
"ME","totpuf_epiMin",1999-08-30,1999,242
"ME","totpuf_hypoMax",1999-08-30,1999,242
"ME","totpuf_hypoMin",1999-04-26,1999,116
"ME","doc_epiMax",2000-05-09,2000,130
"ME","totpuf_epiMax",2000-06-19,2000,171
"ME","totpuf_epiMin",2000-08-16,2000,229
"ME","totpuf_hypoMax",2000-09-25,2000,269
"ME","totpuf_hypoMin",2000-05-09,2000,130
"ME","doc_epiMax",2001-05-07,2001,127
"ME","totpuf_epiMax",2001-06-04,2001,155
"ME","totpuf_epiMin",2001-07-16,2001,197
"ME","totpuf_hypoMax",2001-08-27,2001,239
"ME","totpuf_hypoMin",2001-05-07,2001,127
"ME","doc_epiMax",2002-07-15,2002,196
"ME","totpuf_epiMax",2002-05-20,2002,140
"ME","totpuf_epiMin",2002-08-26,2002,238
"ME","totpuf_hypoMax",2002-07-15,2002,196
"ME","totpuf_hypoMin",2002-05-06,2002,126
"ME","doc_epiMax",2003-08-04,2003,216
"ME","totpuf_epiMax",2003-04-28,2003,118
"ME","totpuf_epiMin",2003-09-02,2003,245
"ME","totpuf_hypoMax",2003-09-02,2003,245
"ME","totpuf_hypoMin",2003-04-28,2003,118
"ME","doc_epiMax",2004-05-10,2004,131
"ME","totpuf_epiMax",2004-06-07,2004,159
"ME","totpuf_epiMin",2004-09-07,2004,251
"ME","totpuf_hypoMax",2004-09-07,2004,251
"ME","totpuf_hypoMin",2004-05-10,2004,131
"ME","doc_epiMax",2005-08-01,2005,213
"ME","totpuf_epiMax",2005-05-09,2005,129
"ME","totpuf_epiMin",2005-08-15,2005,227
"ME","totpuf_hypoMax",2005-08-29,2005,241
"ME","totpuf_hypoMin",2005-05-09,2005,129
"ME","doc_epiMax",2006-07-10,2006,191
"ME","totpuf_epiMax",2006-05-15,2006,135
"ME","totpuf_epiMin",2006-08-21,2006,233
"ME","totpuf_hypoMax",2006-09-06,2006,249
"ME","totpuf_hypoMin",2006-05-02,2006,122
"ME","doc_epiMax",2007-10-01,2007,274
"ME","totpuf_epiMax",2007-06-11,2007,162
"ME","totpuf_epiMin",2007-08-20,2007,232
"ME","totpuf_hypoMax",2007-10-01,2007,274
"ME","totpuf_hypoMin",2007-05-14,2007,134
"ME","doc_epiMax",2008-08-04,2008,217
"ME","totpuf_epiMax",2008-06-23,2008,175
"ME","totpuf_epiMin",2008-09-05,2008,249
"ME","totpuf_hypoMax",2008-09-05,2008,249
"ME","totpuf_hypoMin",2008-05-12,2008,133
"ME","doc_epiMax",2009-08-05,2009,217
"ME","totpuf_epiMax",2009-05-28,2009,148
"ME","totpuf_epiMin",2009-08-19,2009,231
"ME","totpuf_hypoMax",2009-09-02,2009,245
"ME","totpuf_hypoMin",2009-05-11,2009,131
"ME","doc_epiMax",2010-06-07,2010,158
"ME","totpuf_epiMax",2010-05-24,2010,144
"ME","totpuf_epiMin",2010-08-16,2010,228
"ME","totpuf_hypoMax",2010-08-03,2010,215
"ME","totpuf_hypoMin",2010-05-24,2010,144
"ME","doc_epiMax",2011-06-13,2011,164
"ME","totpuf_epiMax",2011-06-13,2011,164
"ME","totpuf_epiMin",2011-08-22,2011,234
"ME","totpuf_hypoMax",2011-09-12,2011,255
"ME","totpuf_hypoMin",2011-06-13,2011,164
"ME","doc_epiMax",2012-09-04,2012,248
"ME","totpuf_epiMax",2012-05-14,2012,135
"ME","totpuf_epiMin",2012-08-20,2012,233
"ME","totpuf_hypoMax",2012-09-04,2012,248
"ME","totpuf_hypoMin",2012-04-17,2012,108
"ME","doc_epiMax",2013-05-14,2013,134
"ME","totpuf_epiMax",2013-05-14,2013,134
"ME","totpuf_epiMin",2013-08-21,2013,233
"ME","totpuf_hypoMax",2013-08-05,2013,217
"ME","totpuf_hypoMin",2013-05-14,2013,134
"ME","doc_epiMax",2014-07-07,2014,188
"ME","totpuf_epiMax",2014-05-14,2014,134
"ME","totpuf_epiMin",2014-09-02,2014,245
"ME","totpuf_hypoMax",2014-08-04,2014,216
"ME","totpuf_hypoMin",2014-05-14,2014,134
"ME","doc_epiMax",2015-08-03,2015,215
"ME","totpuf_epiMax",2015-06-08,2015,159
"ME","totpuf_epiMin",2015-08-18,2015,230
"ME","totpuf_hypoMax",2015-08-31,2015,243
"ME","totpuf_hypoMin",2015-05-01,2015,121
"ME","doc_epiMax",2016-06-07,2016,159
"ME","totpuf_epiMax",2016-05-11,2016,132
"ME","totpuf_epiMin",2016-08-15,2016,228
"ME","totpuf_hypoMax",2016-10-04,2016,278
"ME","totpuf_hypoMin",2016-05-23,2016,144
"ME","doc_epiMax",2017-06-12,2017,163
"ME","totpuf_epiMax",2017-05-30,2017,150
"ME","totpuf_epiMin",2017-09-25,2017,268
"ME","totpuf_hypoMax",2017-09-06,2017,249
"ME","totpuf_hypoMin",2017-05-03,2017,123
"ME","doc_epiMax",2018-07-09,2018,190
"ME","totpuf_epiMax",2018-05-07,2018,127
"ME","totpuf_epiMin",2018-08-06,2018,218
"ME","totpuf_hypoMax",2018-10-02,2018,275
"ME","totpuf_hypoMin",2018-05-29,2018,149
"MO","totpuf_epiMax",1995-06-06,1995,157
"MO","totpuf_epiMin",1995-08-30,1995,242
"MO","totpuf_hypoMax",1995-08-02,1995,214
"MO","totpuf_hypoMin",1995-05-09,1995,129
"MO","doc_epiMax",1996-07-09,1996,191
"MO","totpuf_epiMax",1996-05-29,1996,150
"MO","totpuf_epiMin",1996-09-05,1996,249
"MO","totpuf_hypoMax",1996-09-05,1996,249
"MO","totpuf_hypoMin",1996-06-10,1996,162
"MO","doc_epiMax",1997-06-11,1997,162
"MO","totpuf_epiMax",1997-05-28,1997,148
"MO","totpuf_epiMin",1997-08-07,1997,219
"MO","totpuf_hypoMax",1997-09-08,1997,251
"MO","totpuf_hypoMin",1997-06-11,1997,162
"MO","doc_epiMax",1998-08-02,1998,214
"MO","totpuf_epiMax",1998-04-27,1998,117
"MO","totpuf_epiMin",1998-09-02,1998,245
"MO","totpuf_hypoMax",1998-09-02,1998,245
"MO","totpuf_hypoMin",1998-04-27,1998,117
"MO","doc_epiMax",1999-06-08,1999,159
"MO","totpuf_epiMax",1999-05-26,1999,146
"MO","totpuf_epiMin",1999-08-02,1999,214
"MO","totpuf_hypoMax",1999-08-30,1999,242
"MO","totpuf_hypoMin",1999-04-26,1999,116
"MO","doc_epiMax",2000-05-09,2000,130
"MO","totpuf_epiMax",2000-09-25,2000,269
"MO","totpuf_epiMin",2000-07-17,2000,199
"MO","totpuf_hypoMax",2000-09-25,2000,269
"MO","totpuf_hypoMin",2000-04-25,2000,116
"MO","doc_epiMax",2001-07-30,2001,211
"MO","totpuf_epiMax",2001-06-04,2001,155
"MO","totpuf_epiMin",2001-08-27,2001,239
"MO","totpuf_hypoMax",2001-08-27,2001,239
"MO","totpuf_hypoMin",2001-05-09,2001,129
"MO","doc_epiMax",2002-08-13,2002,225
"MO","totpuf_epiMax",2002-05-21,2002,141
"MO","totpuf_epiMin",2002-08-26,2002,238
"MO","totpuf_hypoMax",2002-08-13,2002,225
"MO","totpuf_hypoMin",2002-04-23,2002,113
"MO","doc_epiMax",2003-08-05,2003,217
"MO","totpuf_epiMax",2003-05-13,2003,133
"MO","totpuf_epiMin",2003-09-03,2003,246
"MO","totpuf_hypoMax",2003-09-03,2003,246
"MO","totpuf_hypoMin",2003-04-28,2003,118
"MO","doc_epiMax",2004-07-07,2004,189
"MO","totpuf_epiMax",2004-06-08,2004,160
"MO","totpuf_epiMin",2004-09-09,2004,253
"MO","totpuf_hypoMax",2004-09-09,2004,253
"MO","totpuf_hypoMin",2004-05-11,2004,132
"MO","doc_epiMax",2005-08-03,2005,215
"MO","totpuf_epiMax",2005-04-18,2005,108
"MO","totpuf_epiMin",2005-08-15,2005,227
"MO","totpuf_hypoMax",2005-08-30,2005,242
"MO","totpuf_hypoMin",2005-04-18,2005,108
"MO","doc_epiMax",2006-07-12,2006,193
"MO","totpuf_epiMax",2006-05-03,2006,123
"MO","totpuf_epiMin",2006-08-08,2006,220
"MO","totpuf_hypoMax",2006-09-07,2006,250
"MO","totpuf_hypoMin",2006-05-03,2006,123
"MO","doc_epiMax",2007-07-09,2007,190
"MO","totpuf_epiMax",2007-06-11,2007,162
"MO","totpuf_epiMin",2007-08-20,2007,232
"MO","totpuf_hypoMax",2007-09-04,2007,247
"MO","totpuf_hypoMin",2007-05-21,2007,141
"MO","doc_epiMax",2008-09-29,2008,273
"MO","totpuf_epiMax",2008-06-10,2008,162
"MO","totpuf_epiMin",2008-09-05,2008,249
"MO","totpuf_hypoMax",2008-09-29,2008,273
"MO","totpuf_hypoMin",2008-06-10,2008,162
"MO","doc_epiMax",2009-08-04,2009,216
"MO","totpuf_epiMax",2009-05-28,2009,148
"MO","totpuf_epiMin",2009-08-20,2009,232
"MO","totpuf_hypoMax",2009-09-04,2009,247
"MO","totpuf_hypoMin",2009-04-17,2009,107
"MO","doc_epiMax",2010-04-12,2010,102
"MO","totpuf_epiMax",2010-04-12,2010,102
"MO","totpuf_epiMin",2010-08-04,2010,216
"MO","totpuf_hypoMax",2010-08-30,2010,242
"MO","totpuf_hypoMin",2010-04-12,2010,102
"MO","doc_epiMax",2011-06-14,2011,165
"MO","totpuf_epiMax",2011-06-14,2011,165
"MO","totpuf_epiMin",2011-08-24,2011,236
"MO","totpuf_hypoMax",2011-09-13,2011,256
"MO","totpuf_hypoMin",2011-06-14,2011,165
"MO","doc_epiMax",2012-06-12,2012,164
"MO","totpuf_epiMax",2012-05-03,2012,124
"MO","totpuf_epiMin",2012-08-07,2012,220
"MO","totpuf_hypoMax",2012-09-05,2012,249
"MO","totpuf_hypoMin",2012-05-16,2012,137
"MO","doc_epiMax",2013-05-08,2013,128
"MO","totpuf_epiMax",2013-06-11,2013,162
"MO","totpuf_epiMin",2013-08-21,2013,233
"MO","totpuf_hypoMax",2013-09-10,2013,253
"MO","totpuf_hypoMin",2013-05-08,2013,128
"MO","doc_epiMax",2014-06-10,2014,161
"MO","totpuf_epiMax",2014-05-15,2014,135
"MO","totpuf_epiMin",2014-08-20,2014,232
"MO","totpuf_hypoMax",2014-09-08,2014,251
"MO","totpuf_hypoMin",2014-05-15,2014,135
"MO","doc_epiMax",2015-07-09,2015,190
"MO","totpuf_epiMax",2015-05-27,2015,147
"MO","totpuf_epiMin",2015-08-21,2015,233
"MO","totpuf_hypoMax",2015-09-04,2015,247
"MO","totpuf_hypoMin",2015-05-01,2015,121
"MO","doc_epiMax",2016-05-11,2016,132
"MO","totpuf_epiMax",2016-10-03,2016,277
"MO","totpuf_epiMin",2016-08-31,2016,244
"MO","totpuf_hypoMax",2016-10-03,2016,277
"MO","totpuf_hypoMin",2016-05-23,2016,144
"MO","doc_epiMax",2017-09-12,2017,255
"MO","totpuf_epiMax",2017-05-04,2017,124
"MO","totpuf_epiMin",2017-08-23,2017,235
"MO","totpuf_hypoMax",2017-09-12,2017,255
"MO","totpuf_hypoMin",2017-05-16,2017,136
"MO","doc_epiMax",2018-06-12,2018,163
"MO","totpuf_epiMax",2018-05-15,2018,135
"MO","totpuf_epiMin",2018-08-07,2018,219
"MO","totpuf_hypoMax",2018-09-06,2018,249
"MO","totpuf_hypoMin",2018-05-15,2018,135
"SP","doc_epiMax",1985-08-19,1985,231
"SP","doc_epiMax",1986-08-11,1986,223
"SP","totpuf_epiMax",1986-05-19,1986,139
"SP","totpuf_epiMin",1986-06-16,1986,167
"SP","totpuf_hypoMax",1986-08-11,1986,223
"SP","totpuf_hypoMin",1986-06-16,1986,167
"SP","doc_epiMax",1987-08-11,1987,223
"SP","totpuf_epiMax",1987-06-11,1987,162
"SP","totpuf_epiMin",1987-05-20,1987,140
"SP","totpuf_hypoMax",1987-06-11,1987,162
"SP","totpuf_hypoMin",1987-04-20,1987,110
"SP","doc_epiMax",1988-08-16,1988,229
"SP","totpuf_epiMax",1988-05-24,1988,145
"SP","totpuf_epiMin",1988-06-21,1988,173
"SP","totpuf_hypoMax",1988-10-10,1988,284
"SP","totpuf_hypoMin",1988-06-21,1988,173
"SP","doc_epiMax",1989-08-21,1989,233
"SP","totpuf_epiMax",1989-06-26,1989,177
"SP","totpuf_epiMin",1989-05-30,1989,150
"SP","totpuf_hypoMax",1989-07-24,1989,205
"SP","totpuf_hypoMin",1989-05-30,1989,150
"SP","doc_epiMax",1990-09-19,1990,262
"SP","totpuf_epiMax",1990-04-30,1990,120
"SP","totpuf_epiMin",1990-07-23,1990,204
"SP","totpuf_hypoMax",1990-09-19,1990,262
"SP","totpuf_hypoMin",1990-07-23,1990,204
"SP","doc_epiMax",1991-08-28,1991,240
"SP","totpuf_epiMax",1991-07-01,1991,182
"SP","totpuf_epiMin",1991-07-30,1991,211
"SP","totpuf_hypoMax",1991-07-01,1991,182
"SP","totpuf_hypoMin",1991-06-03,1991,154
"SP","doc_epiMax",1992-08-24,1992,237
"SP","totpuf_epiMax",1992-06-02,1992,154
"SP","totpuf_epiMin",1992-07-29,1992,211
"SP","totpuf_hypoMax",1992-09-24,1992,268
"SP","totpuf_hypoMin",1992-06-30,1992,182
"SP","doc_epiMax",1993-07-27,1993,208
"SP","totpuf_epiMax",1993-09-23,1993,266
"SP","totpuf_epiMin",1993-08-23,1993,235
"SP","totpuf_hypoMax",1993-06-30,1993,181
"SP","totpuf_hypoMin",1993-06-01,1993,152
"SP","doc_epiMax",1994-07-27,1994,208
"SP","totpuf_epiMax",1994-06-01,1994,152
"SP","totpuf_epiMin",1994-06-27,1994,178
"SP","totpuf_hypoMax",1994-09-21,1994,264
"SP","totpuf_hypoMin",1994-08-24,1994,236
"SP","doc_epiMax",1995-07-24,1995,205
"SP","totpuf_epiMax",1995-10-18,1995,291
"SP","totpuf_epiMin",1995-08-22,1995,234
"SP","totpuf_hypoMax",1995-10-18,1995,291
"SP","totpuf_hypoMin",1995-09-19,1995,262
"SP","doc_epiMax",1996-09-05,1996,249
"SP","totpuf_epiMax",1996-06-10,1996,162
"SP","totpuf_epiMin",1996-08-08,1996,221
"SP","totpuf_hypoMax",1996-07-10,1996,192
"SP","totpuf_hypoMin",1996-08-08,1996,221
"SP","doc_epiMax",1997-07-29,1997,210
"SP","totpuf_epiMax",1997-06-04,1997,155
"SP","totpuf_epiMin",1997-07-01,1997,182
"SP","totpuf_hypoMax",1997-06-04,1997,155
"SP","totpuf_hypoMin",1997-07-01,1997,182
"SP","doc_epiMax",1998-09-09,1998,252
"SP","totpuf_epiMax",1998-05-19,1998,139
"SP","totpuf_epiMin",1998-09-09,1998,252
"SP","totpuf_hypoMax",1998-10-06,1998,279
"SP","totpuf_hypoMin",1998-08-12,1998,224
"SP","doc_epiMax",1999-08-23,1999,235
"SP","totpuf_epiMax",1999-05-04,1999,124
"SP","totpuf_epiMin",1999-07-28,1999,209
"SP","totpuf_hypoMax",1999-09-23,1999,266
"SP","totpuf_hypoMin",1999-07-28,1999,209
"SP","doc_epiMax",2000-10-17,2000,291
"SP","totpuf_epiMax",2000-05-02,2000,123
"SP","totpuf_epiMin",2000-07-26,2000,208
"SP","totpuf_hypoMax",2000-10-17,2000,291
"SP","totpuf_hypoMin",2000-06-27,2000,179
"SP","doc_epiMax",2001-07-24,2001,205
"SP","totpuf_epiMax",2001-04-30,2001,120
"SP","totpuf_epiMin",2001-07-24,2001,205
"SP","totpuf_hypoMax",2001-10-15,2001,288
"SP","totpuf_hypoMin",2001-05-29,2001,149
"SP","doc_epiMax",2002-08-14,2002,226
"SP","totpuf_epiMax",2002-05-22,2002,142
"SP","totpuf_epiMin",2002-09-12,2002,255
"SP","totpuf_hypoMax",2002-08-14,2002,226
"SP","totpuf_hypoMin",2002-05-22,2002,142
"SP","doc_epiMax",2003-08-20,2003,232
"SP","totpuf_epiMax",2003-05-30,2003,150
"SP","totpuf_epiMin",2003-09-16,2003,259
"SP","totpuf_hypoMax",2003-10-14,2003,287
"SP","totpuf_hypoMin",2003-07-21,2003,202
"SP","doc_epiMax",2004-07-21,2004,203
"SP","totpuf_epiMax",2004-05-24,2004,145
"SP","totpuf_epiMin",2004-07-21,2004,203
"SP","totpuf_hypoMax",2004-10-11,2004,285
"SP","totpuf_hypoMin",2004-09-13,2004,257
"SP","doc_epiMax",2005-06-13,2005,164
"SP","totpuf_epiMax",2005-04-20,2005,110
"SP","totpuf_epiMin",2005-07-12,2005,193
"SP","totpuf_hypoMax",2005-08-09,2005,221
"SP","totpuf_hypoMin",2005-05-19,2005,139
"SP","doc_epiMax",2006-08-09,2006,221
"SP","totpuf_epiMax",2006-05-18,2006,138
"SP","totpuf_epiMin",2006-08-09,2006,221
"SP","totpuf_hypoMax",2006-07-12,2006,193
"SP","totpuf_hypoMin",2006-08-09,2006,221
"SP","doc_epiMax",2007-07-16,2007,197
"SP","totpuf_epiMax",2007-07-16,2007,197
"SP","totpuf_epiMin",2007-10-10,2007,283
"SP","totpuf_hypoMax",2007-09-11,2007,254
"SP","totpuf_hypoMin",2007-04-24,2007,114
"SP","doc_epiMax",2008-08-25,2008,238
"SP","totpuf_epiMax",2008-06-02,2008,154
"SP","totpuf_epiMin",2008-09-23,2008,267
"SP","totpuf_hypoMax",2008-09-23,2008,267
"SP","totpuf_hypoMin",2008-05-13,2008,134
"SP","doc_epiMax",2009-07-22,2009,203
"SP","totpuf_epiMax",2009-10-14,2009,287
"SP","totpuf_epiMin",2009-09-17,2009,260
"SP","totpuf_hypoMax",2009-10-14,2009,287
"SP","totpuf_hypoMin",2009-07-22,2009,203
"SP","doc_epiMax",2010-09-28,2010,271
"SP","totpuf_epiMax",2010-08-03,2010,215
"SP","totpuf_epiMin",2010-07-06,2010,187
"SP","totpuf_hypoMax",2010-09-01,2010,244
"SP","totpuf_hypoMin",2010-08-03,2010,215
"SP","doc_epiMax",2011-06-03,2011,154
"SP","totpuf_epiMax",2011-09-20,2011,263
"SP","totpuf_epiMin",2011-08-22,2011,234
"SP","totpuf_hypoMax",2011-10-17,2011,290
"SP","totpuf_hypoMin",2011-06-03,2011,154
"SP","doc_epiMax",2012-07-25,2012,207
"SP","totpuf_epiMax",2012-09-17,2012,261
"SP","totpuf_epiMin",2012-07-25,2012,207
"SP","totpuf_hypoMax",2012-09-17,2012,261
"SP","totpuf_hypoMin",2012-05-31,2012,152
"SP","doc_epiMax",2013-08-05,2013,217
"SP","totpuf_epiMax",2013-10-02,2013,275
"SP","totpuf_epiMin",2013-05-16,2013,136
"SP","totpuf_hypoMax",2013-09-04,2013,247
"SP","totpuf_hypoMin",2013-05-16,2013,136
"SP","doc_epiMax",2014-06-17,2014,168
"SP","totpuf_epiMax",2014-07-14,2014,195
"SP","totpuf_epiMin",2014-08-12,2014,224
"SP","totpuf_hypoMax",2014-10-08,2014,281
"SP","totpuf_hypoMin",2014-05-19,2014,139
"SP","doc_epiMax",2015-09-08,2015,251
"SP","totpuf_epiMax",2015-07-15,2015,196
"SP","totpuf_epiMin",2015-06-17,2015,168
"SP","totpuf_hypoMax",2015-09-08,2015,251
"SP","totpuf_hypoMin",2015-06-17,2015,168
"SP","doc_epiMax",2016-10-12,2016,286
"SP","totpuf_epiMax",2016-05-24,2016,145
"SP","totpuf_epiMin",2016-08-18,2016,231
"SP","totpuf_hypoMax",2016-06-20,2016,172
"SP","totpuf_hypoMin",2016-08-18,2016,231
"SP","doc_epiMax",2017-08-09,2017,221
"SP","totpuf_epiMax",2017-05-17,2017,137
"SP","totpuf_epiMin",2017-08-09,2017,221
"SP","totpuf_hypoMax",2017-09-05,2017,248
"SP","totpuf_hypoMin",2017-07-10,2017,191
"SP","doc_epiMax",2018-07-11,2018,192
"SP","totpuf_epiMax",2018-06-11,2018,162
"SP","totpuf_epiMin",2018-07-11,2018,192
"SP","totpuf_hypoMax",2018-06-11,2018,162
"SP","totpuf_hypoMin",2018-10-02,2018,275
"TB","doc_epiMax",1985-08-21,1985,233
"TB","doc_epiMax",1986-04-21,1986,111
"TB","totpuf_epiMax",1986-04-21,1986,111
"TB","totpuf_epiMin",1986-05-21,1986,141
"TB","totpuf_hypoMax",1986-05-21,1986,141
"TB","totpuf_hypoMin",1986-09-08,1986,251
"TB","doc_epiMax",1987-10-06,1987,279
"TB","totpuf_epiMax",1987-09-10,1987,253
"TB","totpuf_epiMin",1987-07-16,1987,197
"TB","totpuf_hypoMax",1987-05-18,1987,138
"TB","totpuf_hypoMin",1987-09-10,1987,253
"TB","doc_epiMax",1988-05-24,1988,145
"TB","totpuf_epiMax",1988-09-15,1988,259
"TB","totpuf_epiMin",1988-08-16,1988,229
"TB","totpuf_hypoMax",1988-08-16,1988,229
"TB","totpuf_hypoMin",1988-09-15,1988,259
"TB","doc_epiMax",1989-10-16,1989,289
"TB","totpuf_epiMax",1989-05-29,1989,149
"TB","totpuf_epiMin",1989-08-21,1989,233
"TB","totpuf_hypoMax",1989-08-21,1989,233
"TB","totpuf_hypoMin",1989-05-03,1989,123
"TB","doc_epiMax",1990-09-17,1990,260
"TB","totpuf_epiMax",1990-05-01,1990,121
"TB","totpuf_epiMin",1990-06-27,1990,178
"TB","totpuf_hypoMax",1990-08-22,1990,234
"TB","totpuf_hypoMin",1990-06-27,1990,178
"TB","doc_epiMax",1991-09-24,1991,267
"TB","totpuf_epiMax",1991-07-29,1991,210
"TB","totpuf_epiMin",1991-06-05,1991,156
"TB","totpuf_hypoMax",1991-07-29,1991,210
"TB","totpuf_hypoMin",1991-06-05,1991,156
"TB","doc_epiMax",1992-05-04,1992,125
"TB","totpuf_epiMax",1992-05-04,1992,125
"TB","totpuf_epiMin",1992-08-27,1992,240
"TB","totpuf_hypoMax",1992-08-27,1992,240
"TB","totpuf_hypoMin",1992-07-31,1992,213
"TB","doc_epiMax",1993-09-22,1993,265
"TB","totpuf_epiMax",1993-09-22,1993,265
"TB","totpuf_epiMin",1993-08-23,1993,235
"TB","totpuf_hypoMax",1993-07-26,1993,207
"TB","totpuf_hypoMin",1993-05-03,1993,123
"TB","doc_epiMax",1994-10-18,1994,291
"TB","totpuf_epiMax",1994-05-03,1994,123
"TB","totpuf_epiMin",1994-06-28,1994,179
"TB","totpuf_hypoMax",1994-05-03,1994,123
"TB","totpuf_hypoMin",1994-06-28,1994,179
"TB","doc_epiMax",1995-05-01,1995,121
"TB","totpuf_epiMax",1995-08-21,1995,233
"TB","totpuf_epiMin",1995-07-25,1995,206
"TB","totpuf_hypoMax",1995-07-25,1995,206
"TB","totpuf_hypoMin",1995-08-21,1995,233
"TB","doc_epiMax",1996-10-03,1996,277
"TB","totpuf_epiMax",1996-06-12,1996,164
"TB","totpuf_epiMin",1996-08-06,1996,219
"TB","totpuf_hypoMax",1996-06-12,1996,164
"TB","totpuf_hypoMin",1996-10-03,1996,277
"TB","doc_epiMax",1997-09-24,1997,267
"TB","totpuf_epiMax",1997-05-05,1997,125
"TB","totpuf_epiMin",1997-07-03,1997,184
"TB","totpuf_hypoMax",1997-05-05,1997,125
"TB","totpuf_hypoMin",1997-08-25,1997,237
"TB","doc_epiMax",1998-10-06,1998,279
"TB","totpuf_epiMax",1998-10-06,1998,279
"TB","totpuf_epiMin",1998-08-10,1998,222
"TB","totpuf_hypoMax",1998-04-21,1998,111
"TB","totpuf_hypoMin",1998-10-06,1998,279
"TB","doc_epiMax",1999-09-20,1999,263
"TB","totpuf_epiMax",1999-05-06,1999,126
"TB","totpuf_epiMin",1999-06-14,1999,165
"TB","totpuf_hypoMax",1999-06-03,1999,154
"TB","totpuf_hypoMin",1999-09-20,1999,263
"TB","doc_epiMax",2000-07-25,2000,207
"TB","totpuf_epiMax",2000-05-03,2000,124
"TB","totpuf_epiMin",2000-08-23,2000,236
"TB","totpuf_hypoMax",2000-10-17,2000,291
"TB","totpuf_hypoMin",2000-07-25,2000,207
"TB","doc_epiMax",2001-10-16,2001,289
"TB","totpuf_epiMax",2001-06-25,2001,176
"TB","totpuf_epiMin",2001-08-21,2001,233
"TB","totpuf_hypoMax",2001-06-25,2001,176
"TB","totpuf_hypoMin",2001-10-16,2001,289
"TB","doc_epiMax",2002-07-16,2002,197
"TB","totpuf_epiMax",2002-05-22,2002,142
"TB","totpuf_epiMin",2002-06-17,2002,168
"TB","totpuf_hypoMax",2002-08-12,2002,224
"TB","totpuf_hypoMin",2002-06-17,2002,168
"TB","doc_epiMax",2003-07-21,2003,202
"TB","totpuf_epiMax",2003-09-19,2003,262
"TB","totpuf_epiMin",2003-06-24,2003,175
"TB","totpuf_hypoMax",2003-07-21,2003,202
"TB","totpuf_hypoMin",2003-05-05,2003,125
"TB","doc_epiMax",2004-10-12,2004,286
"TB","totpuf_epiMax",2004-05-25,2004,146
"TB","totpuf_epiMin",2004-07-19,2004,201
"TB","totpuf_hypoMax",2004-06-21,2004,173
"TB","totpuf_hypoMin",2004-07-19,2004,201
"TB","doc_epiMax",2005-06-16,2005,167
"TB","totpuf_epiMax",2005-10-05,2005,278
"TB","totpuf_epiMin",2005-07-11,2005,192
"TB","totpuf_hypoMax",2005-08-08,2005,220
"TB","totpuf_hypoMin",2005-05-18,2005,138
"TB","doc_epiMax",2006-07-11,2006,192
"TB","totpuf_epiMax",2006-05-18,2006,138
"TB","totpuf_epiMin",2006-08-08,2006,220
"TB","totpuf_hypoMax",2006-05-18,2006,138
"TB","totpuf_hypoMin",2006-08-08,2006,220
"TB","doc_epiMax",2007-09-13,2007,256
"TB","totpuf_epiMax",2007-08-13,2007,225
"TB","totpuf_epiMin",2007-07-17,2007,198
"TB","totpuf_hypoMax",2007-04-25,2007,115
"TB","totpuf_hypoMin",2007-08-13,2007,225
"TB","doc_epiMax",2008-05-08,2008,129
"TB","totpuf_epiMax",2008-06-30,2008,182
"TB","totpuf_epiMin",2008-06-03,2008,155
"TB","totpuf_hypoMax",2008-06-30,2008,182
"TB","totpuf_hypoMin",2008-09-23,2008,267
"TB","doc_epiMax",2009-04-28,2009,118
"TB","totpuf_epiMax",2009-05-29,2009,149
"TB","totpuf_epiMin",2009-08-17,2009,229
"TB","totpuf_hypoMax",2009-04-28,2009,118
"TB","totpuf_hypoMin",2009-06-22,2009,173
"TB","doc_epiMax",2010-09-28,2010,271
"TB","totpuf_epiMax",2010-04-13,2010,103
"TB","totpuf_epiMin",2010-06-10,2010,161
"TB","totpuf_hypoMax",2010-06-10,2010,161
"TB","totpuf_hypoMin",2010-07-07,2010,188
"TB","doc_epiMax",2011-09-20,2011,263
"TB","totpuf_epiMax",2011-06-27,2011,178
"TB","totpuf_epiMin",2011-07-25,2011,206
"TB","totpuf_hypoMax",2011-06-01,2011,152
"TB","totpuf_hypoMin",2011-09-20,2011,263
"TB","doc_epiMax",2012-04-02,2012,93
"TB","totpuf_epiMax",2012-09-19,2012,263
"TB","totpuf_epiMin",2012-08-21,2012,234
"TB","totpuf_hypoMax",2012-07-23,2012,205
"TB","totpuf_hypoMin",2012-08-21,2012,234
"TB","doc_epiMax",2013-08-06,2013,218
"TB","totpuf_epiMax",2013-07-10,2013,191
"TB","totpuf_epiMin",2013-06-13,2013,164
"TB","totpuf_hypoMax",2013-09-30,2013,273
"TB","totpuf_hypoMin",2013-09-04,2013,247
"TB","doc_epiMax",2014-10-06,2014,279
"TB","totpuf_epiMax",2014-06-16,2014,167
"TB","totpuf_epiMin",2014-08-11,2014,223
"TB","totpuf_hypoMax",2014-07-16,2014,197
"TB","totpuf_hypoMin",2014-08-11,2014,223
"TB","doc_epiMax",2015-10-05,2015,278
"TB","totpuf_epiMax",2015-10-05,2015,278
"TB","totpuf_epiMin",2015-08-11,2015,223
"TB","totpuf_hypoMax",2015-07-15,2015,196
"TB","totpuf_hypoMin",2015-06-17,2015,168
"TB","doc_epiMax",2016-10-10,2016,284
"TB","totpuf_epiMax",2016-08-16,2016,229
"TB","totpuf_epiMin",2016-04-22,2016,113
"TB","totpuf_hypoMax",2016-09-14,2016,258
"TB","totpuf_hypoMin",2016-04-22,2016,113
"TB","doc_epiMax",2017-10-02,2017,275
"TB","totpuf_epiMax",2017-10-02,2017,275
"TB","totpuf_epiMin",2017-05-18,2017,138
"TB","totpuf_hypoMax",2017-07-10,2017,191
"TB","totpuf_hypoMin",2017-10-02,2017,275
"TB","doc_epiMax",2018-08-06,2018,218
"TB","totpuf_epiMax",2018-05-16,2018,136
"TB","totpuf_epiMin",2018-08-06,2018,218
"TB","totpuf_hypoMax",2018-05-16,2018,136
"TB","totpuf_hypoMin",2018-07-10,2018,191
"TR","doc_epiMax",1985-08-20,1985,232
"TR","doc_epiMax",1986-08-12,1986,224
"TR","totpuf_epiMax",1986-05-21,1986,141
"TR","totpuf_epiMin",1986-06-17,1986,168
"TR","totpuf_hypoMax",1986-10-06,1986,279
"TR","totpuf_hypoMin",1986-08-12,1986,224
"TR","doc_epiMax",1987-08-10,1987,222
"TR","totpuf_epiMax",1987-06-12,1987,163
"TR","totpuf_epiMin",1987-09-09,1987,252
"TR","totpuf_hypoMax",1987-06-12,1987,163
"TR","totpuf_hypoMin",1987-10-08,1987,281
"TR","doc_epiMax",1988-08-15,1988,228
"TR","totpuf_epiMax",1988-08-15,1988,228
"TR","totpuf_epiMin",1988-07-19,1988,201
"TR","totpuf_hypoMax",1988-08-15,1988,228
"TR","totpuf_hypoMin",1988-06-21,1988,173
"TR","doc_epiMax",1989-08-23,1989,235
"TR","totpuf_epiMax",1989-08-23,1989,235
"TR","totpuf_epiMin",1989-09-18,1989,261
"TR","totpuf_hypoMax",1989-06-28,1989,179
"TR","totpuf_hypoMin",1989-07-26,1989,207
"TR","doc_epiMax",1990-09-18,1990,261
"TR","totpuf_epiMax",1990-08-20,1990,232
"TR","totpuf_epiMin",1990-06-25,1990,176
"TR","totpuf_hypoMax",1990-05-29,1990,149
"TR","totpuf_hypoMin",1990-09-18,1990,261
"TR","doc_epiMax",1991-08-28,1991,240
"TR","totpuf_epiMax",1991-09-27,1991,270
"TR","totpuf_epiMin",1991-07-31,1991,212
"TR","totpuf_hypoMax",1991-06-04,1991,155
"TR","totpuf_hypoMin",1991-07-31,1991,212
"TR","doc_epiMax",1992-08-24,1992,237
"TR","totpuf_epiMax",1992-09-21,1992,265
"TR","totpuf_epiMin",1992-08-24,1992,237
"TR","totpuf_hypoMax",1992-06-03,1992,155
"TR","totpuf_hypoMin",1992-07-27,1992,209
"TR","doc_epiMax",1993-06-01,1993,152
"TR","totpuf_epiMax",1993-09-20,1993,263
"TR","totpuf_epiMin",1993-06-01,1993,152
"TR","totpuf_hypoMax",1993-09-20,1993,263
"TR","totpuf_hypoMin",1993-06-29,1993,180
"TR","doc_epiMax",1994-07-26,1994,207
"TR","totpuf_epiMax",1994-10-19,1994,292
"TR","totpuf_epiMin",1994-06-28,1994,179
"TR","totpuf_hypoMax",1994-06-03,1994,154
"TR","totpuf_hypoMin",1994-06-28,1994,179
"TR","doc_epiMax",1995-08-24,1995,236
"TR","totpuf_epiMax",1995-07-26,1995,207
"TR","totpuf_epiMin",1995-06-29,1995,180
"TR","totpuf_hypoMax",1995-07-26,1995,207
"TR","totpuf_hypoMin",1995-09-21,1995,264
"TR","doc_epiMax",1996-08-05,1996,218
"TR","totpuf_epiMax",1996-09-30,1996,274
"TR","totpuf_epiMin",1996-06-11,1996,163
"TR","totpuf_hypoMax",1996-09-30,1996,274
"TR","totpuf_hypoMin",1996-08-05,1996,218
"TR","doc_epiMax",1997-07-30,1997,211
"TR","totpuf_epiMax",1997-06-05,1997,156
"TR","totpuf_epiMin",1997-07-30,1997,211
"TR","totpuf_hypoMax",1997-07-02,1997,183
"TR","totpuf_hypoMin",1997-07-30,1997,211
"TR","doc_epiMax",1998-09-11,1998,254
"TR","totpuf_epiMax",1998-04-21,1998,111
"TR","totpuf_epiMin",1998-09-11,1998,254
"TR","totpuf_hypoMax",1998-05-21,1998,141
"TR","totpuf_hypoMin",1998-07-16,1998,197
"TR","doc_epiMax",1999-08-23,1999,235
"TR","totpuf_epiMax",1999-06-08,1999,159
"TR","totpuf_epiMin",1999-07-27,1999,208
"TR","totpuf_hypoMax",1999-06-08,1999,159
"TR","totpuf_hypoMin",1999-09-21,1999,264
"TR","doc_epiMax",2000-08-22,2000,235
"TR","totpuf_epiMax",2000-08-22,2000,235
"TR","totpuf_epiMin",2000-07-25,2000,207
"TR","totpuf_hypoMax",2000-05-01,2000,122
"TR","totpuf_hypoMin",2000-06-27,2000,179
"TR","doc_epiMax",2001-06-27,2001,178
"TR","totpuf_epiMax",2001-06-27,2001,178
"TR","totpuf_epiMin",2001-07-26,2001,207
"TR","totpuf_hypoMax",2001-06-27,2001,178
"TR","totpuf_hypoMin",2001-07-26,2001,207
"TR","doc_epiMax",2002-08-13,2002,225
"TR","totpuf_epiMax",2002-09-11,2002,254
"TR","totpuf_epiMin",2002-07-15,2002,196
"TR","totpuf_hypoMax",2002-09-11,2002,254
"TR","totpuf_hypoMin",2002-08-13,2002,225
"TR","doc_epiMax",2003-08-19,2003,231
"TR","totpuf_epiMax",2003-05-29,2003,149
"TR","totpuf_epiMin",2003-07-22,2003,203
"TR","totpuf_hypoMax",2003-05-29,2003,149
"TR","totpuf_hypoMin",2003-10-15,2003,288
"TR","doc_epiMax",2004-07-20,2004,202
"TR","totpuf_epiMax",2004-05-26,2004,147
"TR","totpuf_epiMin",2004-07-20,2004,202
"TR","totpuf_hypoMax",2004-06-23,2004,175
"TR","totpuf_hypoMin",2004-10-14,2004,288
"TR","doc_epiMax",2005-07-13,2005,194
"TR","totpuf_epiMax",2005-06-16,2005,167
"TR","totpuf_epiMin",2005-09-07,2005,250
"TR","totpuf_hypoMax",2005-07-13,2005,194
"TR","totpuf_hypoMin",2005-08-11,2005,223
"TR","doc_epiMax",2006-07-10,2006,191
"TR","totpuf_epiMax",2006-05-17,2006,137
"TR","totpuf_epiMin",2006-07-10,2006,191
"TR","totpuf_hypoMax",2006-05-17,2006,137
"TR","totpuf_hypoMin",2006-07-10,2006,191
"TR","doc_epiMax",2007-07-17,2007,198
"TR","totpuf_epiMax",2007-05-23,2007,143
"TR","totpuf_epiMin",2007-09-12,2007,255
"TR","totpuf_hypoMax",2007-09-12,2007,255
"TR","totpuf_hypoMin",2007-08-14,2007,226
"TR","doc_epiMax",2008-08-27,2008,240
"TR","totpuf_epiMax",2008-06-04,2008,156
"TR","totpuf_epiMin",2008-09-25,2008,269
"TR","totpuf_hypoMax",2008-07-31,2008,213
"TR","totpuf_hypoMin",2008-08-27,2008,240
"TR","doc_epiMax",2009-07-20,2009,201
"TR","totpuf_epiMax",2009-08-18,2009,230
"TR","totpuf_epiMin",2009-05-28,2009,148
"TR","totpuf_hypoMax",2009-08-18,2009,230
"TR","totpuf_hypoMin",2009-05-28,2009,148
"TR","doc_epiMax",2010-07-07,2010,188
"TR","totpuf_epiMax",2010-05-13,2010,133
"TR","totpuf_epiMin",2010-07-07,2010,188
"TR","totpuf_hypoMax",2010-05-13,2010,133
"TR","totpuf_hypoMin",2010-08-04,2010,216
"TR","doc_epiMax",2011-06-02,2011,153
"TR","totpuf_epiMax",2011-06-29,2011,180
"TR","totpuf_epiMin",2011-08-25,2011,237
"TR","totpuf_hypoMax",2011-09-21,2011,264
"TR","totpuf_hypoMin",2011-06-02,2011,153
"TR","doc_epiMax",2012-07-24,2012,206
"TR","totpuf_epiMax",2012-07-24,2012,206
"TR","totpuf_epiMin",2012-07-24,2012,206
"TR","totpuf_hypoMax",2012-05-01,2012,122
"TR","totpuf_hypoMin",2012-07-24,2012,206
"TR","doc_epiMax",2013-09-05,2013,248
"TR","totpuf_epiMax",2013-09-05,2013,248
"TR","totpuf_epiMin",2013-07-09,2013,190
"TR","totpuf_hypoMax",2013-10-02,2013,275
"TR","totpuf_hypoMin",2013-06-12,2013,163
"TR","doc_epiMax",2014-07-16,2014,197
"TR","totpuf_epiMax",2014-06-19,2014,170
"TR","totpuf_epiMin",2014-08-14,2014,226
"TR","totpuf_hypoMax",2014-07-16,2014,197
"TR","totpuf_hypoMin",2014-08-14,2014,226
"TR","doc_epiMax",2015-09-11,2015,254
"TR","totpuf_epiMax",2015-07-16,2015,197
"TR","totpuf_epiMin",2015-08-13,2015,225
"TR","totpuf_hypoMax",2015-10-08,2015,281
"TR","totpuf_hypoMin",2015-06-18,2015,169
"TR","doc_epiMax",2016-07-22,2016,204
"TR","totpuf_epiMax",2016-09-15,2016,259
"TR","totpuf_epiMin",2016-08-19,2016,232
"TR","totpuf_hypoMax",2016-07-22,2016,204
"TR","totpuf_hypoMin",2016-10-13,2016,287
"TR","doc_epiMax",2017-08-10,2017,222
"TR","totpuf_epiMax",2017-05-19,2017,139
"TR","totpuf_epiMin",2017-07-13,2017,194
"TR","totpuf_hypoMax",2017-09-08,2017,251
"TR","totpuf_hypoMin",2017-06-16,2017,167
"TR","doc_epiMax",2018-07-12,2018,193
"TR","totpuf_epiMax",2018-06-14,2018,165
"TR","totpuf_epiMin",2018-10-04,2018,277
"TR","totpuf_hypoMax",2018-06-14,2018,165
"TR","totpuf_hypoMin",2018-10-04,2018,277
"WI","doc_epiMax",1996-06-11,1996,163
"WI","totpuf_epiMax",1996-06-11,1996,163
"WI","totpuf_epiMin",1996-09-06,1996,250
"WI","doc_epiMax",1997-07-08,1997,189
"WI","totpuf_epiMax",1997-07-08,1997,189
"WI","totpuf_epiMin",1997-06-24,1997,175
"WI","doc_epiMax",1998-06-10,1998,161
"WI","totpuf_epiMax",1998-06-10,1998,161
"WI","totpuf_epiMin",1998-04-23,1998,113
"WI","doc_epiMax",1999-06-08,1999,159
"WI","totpuf_epiMax",1999-06-08,1999,159
"WI","totpuf_epiMin",1999-06-08,1999,159
"WI","doc_epiMax",2000-07-04,2000,186
"WI","totpuf_epiMax",2000-08-14,2000,227
"WI","totpuf_epiMin",2000-05-24,2000,145
"WI","doc_epiMax",2001-07-03,2001,184
"WI","totpuf_epiMax",2001-07-16,2001,197
"WI","totpuf_epiMin",2001-08-01,2001,213
"WI","doc_epiMax",2002-07-18,2002,199
"WI","totpuf_epiMax",2002-08-28,2002,240
"WI","totpuf_epiMin",2002-07-18,2002,199
"WI","totpuf_epiMax",2003-08-07,2003,219
"WI","totpuf_epiMin",2003-06-25,2003,176
"WI","totpuf_epiMax",2004-05-13,2004,134
"WI","totpuf_epiMin",2004-05-13,2004,134
"WI","totpuf_epiMax",2005-05-25,2005,145
"WI","totpuf_epiMin",2005-05-25,2005,145
"WI","doc_epiMax",2006-06-14,2006,165
"WI","totpuf_epiMax",2006-06-14,2006,165
"WI","totpuf_epiMin",2006-06-01,2006,152
"WI","doc_epiMax",2007-06-13,2007,164
"WI","totpuf_epiMax",2007-06-26,2007,177
"WI","totpuf_epiMin",2007-06-13,2007,164
"WI","doc_epiMax",2008-07-09,2008,191
"WI","totpuf_epiMax",2008-06-11,2008,163
"WI","totpuf_epiMin",2008-07-09,2008,191
"WI","doc_epiMax",2009-07-07,2009,188
"WI","totpuf_epiMax",2009-06-11,2009,162
"WI","totpuf_epiMin",2009-06-22,2009,173
"WI","doc_epiMax",2010-07-07,2010,188
"WI","totpuf_epiMax",2010-06-22,2010,173
"WI","totpuf_epiMin",2010-08-05,2010,217
"WI","doc_epiMax",2012-08-08,2012,221
"WI","totpuf_epiMax",2012-08-08,2012,221
"WI","totpuf_epiMin",2012-05-03,2012,124
"WI","doc_epiMax",2013-05-15,2013,135
"WI","totpuf_epiMax",2013-07-10,2013,191
"WI","totpuf_epiMin",2013-05-29,2013,149
"WI","doc_epiMax",2014-08-06,2014,218
"WI","totpuf_epiMax",2014-06-24,2014,175
"WI","totpuf_epiMin",2014-08-06,2014,218
"WI","doc_epiMax",2015-07-10,2015,191
"WI","totpuf_epiMax",2015-05-28,2015,148
"WI","totpuf_epiMin",2015-08-05,2015,217
"WI","doc_epiMax",2016-08-03,2016,216
"WI","totpuf_epiMax",2016-07-07,2016,189
"WI","totpuf_epiMin",2016-05-25,2016,146
"WI","doc_epiMax",2017-08-09,2017,221
"WI","totpuf_epiMax",2017-07-26,2017,207
"WI","totpuf_epiMin",2017-07-12,2017,193
"WI","doc_epiMax",2018-06-14,2018,165
"WI","totpuf_epiMax",2018-06-14,2018,165
"WI","totpuf_epiMin",2018-04-26,2018,116
