id,decade,year,variable,value
AL,1980,1981,straton,142
AL,1980,1982,straton,131
AL,1983,1983,straton,130
AL,1983,1984,straton,144
AL,1983,1985,straton,120
AL,1986,1986,straton,128
AL,1986,1987,straton,124
AL,1986,1988,straton,130
AL,1989,1989,straton,136
AL,1989,1990,straton,120
AL,1989,1991,straton,141
AL,1992,1992,straton,139
AL,1992,1993,straton,137
AL,1992,1994,straton,140
AL,1995,1995,straton,150
AL,1995,1996,straton,151
AL,1995,1997,straton,133
AL,1998,1998,straton,112
AL,1998,1999,straton,126
AL,1998,2000,straton,125
AL,2001,2001,straton,121
AL,2001,2002,straton,154
AL,2001,2003,straton,120
AL,2004,2004,straton,131
AL,2004,2005,straton,109
AL,2004,2006,straton,110
AL,2007,2007,straton,113
AL,2007,2008,straton,129
AL,2007,2009,straton,132
AL,2010,2010,straton,117
AL,2010,2011,straton,137
AL,2010,2012,straton,135
AL,2013,2013,straton,134
AL,2013,2014,straton,140
AL,2013,2015,straton,125
AL,2016,2016,straton,116
AL,2016,2017,straton,136
AL,2016,2018,straton,134
AL,2019,2019,straton,127
AL,2019,2020,straton,155
BM,1980,1981,straton,155
BM,1980,1982,straton,145
BM,1983,1983,straton,146
BM,1983,1984,straton,128
BM,1983,1985,straton,134
BM,1986,1986,straton,128
BM,1986,1987,straton,126
BM,1986,1988,straton,132
BM,1989,1989,straton,135
BM,1989,1990,straton,121
BM,1989,1991,straton,140
BM,1992,1992,straton,141
BM,1992,1993,straton,138
BM,1992,1994,straton,136
BM,1995,1995,straton,136
BM,1995,1996,straton,149
BM,1995,1997,straton,153
BM,1998,1998,straton,113
BM,1998,1999,straton,123
BM,1998,2000,straton,123
BM,2001,2001,straton,124
BM,2001,2002,straton,140
BM,2001,2003,straton,135
BM,2004,2004,straton,132
BM,2004,2005,straton,136
BM,2004,2006,straton,114
BM,2007,2007,straton,127
BM,2007,2008,straton,130
BM,2007,2009,straton,132
BM,2010,2010,straton,123
BM,2010,2011,straton,137
BM,2010,2012,straton,121
BM,2013,2013,straton,148
BM,2013,2014,straton,140
BM,2013,2015,straton,126
BM,2016,2016,straton,130
BM,2016,2017,straton,136
BM,2016,2018,straton,136
BM,2019,2019,straton,128
BM,2019,2020,straton,154
CB,1980,1981,straton,211
CB,1980,1982,straton,133
CB,1983,1983,straton,132
CB,1983,1984,straton,131
CB,1983,1985,straton,122
CB,1986,1986,straton,113
CB,1986,1987,straton,103
CB,1986,1988,straton,132
CB,1989,1989,straton,124
CB,1989,1990,straton,122
CB,1989,1991,straton,141
CB,1992,1992,straton,125
CB,1992,1993,straton,124
CB,1992,1994,straton,122
CB,1995,1995,straton,122
CB,1995,1996,straton,129
CB,1995,1997,straton,127
CB,1998,1998,straton,110
CB,1998,1999,straton,124
CB,1998,2000,straton,122
CB,2001,2001,straton,123
CB,2001,2002,straton,128
CB,2001,2003,straton,121
CB,2004,2004,straton,119
CB,2004,2005,straton,108
CB,2004,2006,straton,108
CB,2007,2007,straton,113
CB,2007,2008,straton,127
CB,2007,2009,straton,117
CB,2010,2010,straton,104
CB,2010,2011,straton,139
CB,2010,2012,straton,95
CB,2013,2013,straton,133
CB,2013,2014,straton,141
CB,2013,2015,straton,110
CB,2016,2016,straton,113
CB,2016,2017,straton,108
CB,2016,2018,straton,134
CB,2019,2019,straton,126
CB,2019,2020,straton,121
CR,1980,1981,straton,126
CR,1980,1982,straton,130
CR,1983,1983,straton,132
CR,1983,1984,straton,144
CR,1983,1985,straton,121
CR,1986,1986,straton,125
CR,1986,1987,straton,111
CR,1986,1988,straton,133
CR,1989,1989,straton,137
CR,1989,1990,straton,123
CR,1989,1991,straton,142
CR,1992,1992,straton,127
CR,1992,1993,straton,139
CR,1992,1994,straton,138
CR,1995,1995,straton,123
CR,1995,1996,straton,151
CR,1995,1997,straton,127
CR,1998,1998,straton,112
CR,1998,1999,straton,125
CR,1998,2000,straton,124
CR,2001,2001,straton,123
CR,2001,2002,straton,143
CR,2001,2003,straton,122
CR,2004,2004,straton,134
CR,2004,2005,straton,109
CR,2004,2006,straton,109
CR,2007,2007,straton,114
CR,2007,2008,straton,127
CR,2007,2009,straton,135
CR,2010,2010,straton,105
CR,2010,2011,straton,138
CR,2010,2012,straton,125
CR,2013,2013,straton,151
CR,2013,2014,straton,142
CR,2013,2015,straton,110
CR,2016,2016,straton,132
CR,2016,2017,straton,123
CR,2016,2018,straton,135
CR,2019,2019,straton,127
CR,2019,2020,straton,153
FI,1995,1996,straton,123
FI,1995,1997,straton,120
FI,1998,1998,straton,97
FI,1998,1999,straton,117
FI,1998,2000,straton,117
FI,2001,2001,straton,114
FI,2001,2002,straton,115
FI,2001,2003,straton,119
FI,2004,2004,straton,107
FI,2004,2005,straton,103
FI,2004,2006,straton,111
FI,2007,2007,straton,110
FI,2007,2008,straton,123
FI,2007,2009,straton,112
FI,2010,2010,straton,91
FI,2010,2011,straton,125
FI,2010,2012,straton,110
FI,2013,2013,straton,128
FI,2013,2014,straton,133
FI,2013,2015,straton,105
FI,2016,2016,straton,120
FI,2016,2017,straton,110
FI,2016,2018,straton,115
FI,2019,2019,straton,123
FI,2019,2020,straton,280
ME,1995,1995,straton,143
ME,1995,1996,straton,149
ME,1995,1997,straton,133
ME,1998,1998,straton,114
ME,1998,1999,straton,116
ME,1998,2000,straton,130
ME,2001,2001,straton,127
ME,2001,2002,straton,126
ME,2001,2003,straton,118
ME,2004,2004,straton,131
ME,2004,2005,straton,129
ME,2004,2006,straton,122
ME,2007,2007,straton,134
ME,2007,2008,straton,133
ME,2007,2009,straton,131
ME,2010,2010,straton,144
ME,2010,2011,straton,137
ME,2010,2012,straton,108
ME,2013,2013,straton,134
ME,2013,2014,straton,134
ME,2013,2015,straton,121
ME,2016,2016,straton,116
ME,2016,2017,straton,107
ME,2016,2018,straton,127
ME,2019,2019,straton,132
ME,2019,2020,straton,128
MO,1995,1995,straton,129
MO,1995,1996,straton,135
MO,1995,1997,straton,148
MO,1998,1998,straton,117
MO,1998,1999,straton,116
MO,1998,2000,straton,116
MO,2001,2001,straton,129
MO,2001,2002,straton,113
MO,2001,2003,straton,118
MO,2004,2004,straton,132
MO,2004,2005,straton,108
MO,2004,2006,straton,109
MO,2007,2007,straton,122
MO,2007,2008,straton,121
MO,2007,2009,straton,107
MO,2010,2010,straton,102
MO,2010,2011,straton,152
MO,2010,2012,straton,124
MO,2013,2013,straton,128
MO,2013,2014,straton,135
MO,2013,2015,straton,121
MO,2016,2016,straton,117
MO,2016,2017,straton,109
MO,2016,2018,straton,135
MO,2019,2019,straton,134
MO,2019,2020,straton,133
SP,1980,1981,straton,155
SP,1980,1982,straton,132
SP,1983,1983,straton,131
SP,1983,1984,straton,142
SP,1983,1985,straton,135
SP,1986,1986,straton,127
SP,1986,1987,straton,110
SP,1986,1988,straton,130
SP,1989,1989,straton,137
SP,1989,1990,straton,120
SP,1989,1991,straton,142
SP,1992,1992,straton,140
SP,1992,1993,straton,138
SP,1992,1994,straton,136
SP,1995,1995,straton,135
SP,1995,1996,straton,150
SP,1995,1997,straton,141
SP,1998,1998,straton,125
SP,1998,1999,straton,124
SP,1998,2000,straton,123
SP,2001,2001,straton,120
SP,2001,2002,straton,142
SP,2001,2003,straton,134
SP,2004,2004,straton,131
SP,2004,2005,straton,110
SP,2004,2006,straton,122
SP,2007,2007,straton,114
SP,2007,2008,straton,134
SP,2007,2009,straton,133
SP,2010,2010,straton,117
SP,2010,2011,straton,136
SP,2010,2012,straton,123
SP,2013,2013,straton,136
SP,2013,2014,straton,139
SP,2013,2015,straton,125
SP,2016,2016,straton,131
SP,2016,2017,straton,137
SP,2016,2018,straton,135
SP,2019,2019,straton,128
SP,2019,2020,straton,154
TB,1980,1981,straton,196
TB,1980,1982,straton,132
TB,1983,1983,straton,129
TB,1983,1984,straton,129
TB,1983,1985,straton,119
TB,1986,1986,straton,111
TB,1986,1987,straton,120
TB,1986,1988,straton,131
TB,1989,1989,straton,123
TB,1989,1990,straton,121
TB,1989,1991,straton,143
TB,1992,1992,straton,125
TB,1992,1993,straton,123
TB,1992,1994,straton,123
TB,1995,1995,straton,121
TB,1995,1996,straton,152
TB,1995,1997,straton,125
TB,1998,1998,straton,111
TB,1998,1999,straton,126
TB,1998,2000,straton,124
TB,2001,2001,straton,121
TB,2001,2002,straton,127
TB,2001,2003,straton,125
TB,2004,2004,straton,134
TB,2004,2005,straton,108
TB,2004,2006,straton,108
TB,2007,2007,straton,115
TB,2007,2008,straton,129
TB,2007,2009,straton,118
TB,2010,2010,straton,103
TB,2010,2011,straton,138
TB,2010,2012,straton,93
TB,2013,2013,straton,133
TB,2013,2014,straton,141
TB,2013,2015,straton,111
TB,2016,2016,straton,113
TB,2016,2017,straton,109
TB,2016,2018,straton,136
TB,2019,2019,straton,126
TB,2019,2020,straton,121
TR,1980,1981,straton,140
TR,1980,1982,straton,146
TR,1983,1983,straton,144
TR,1983,1984,straton,143
TR,1983,1985,straton,133
TR,1986,1986,straton,127
TR,1986,1987,straton,139
TR,1986,1988,straton,131
TR,1989,1989,straton,135
TR,1989,1990,straton,134
TR,1989,1991,straton,140
TR,1992,1992,straton,140
TR,1992,1993,straton,137
TR,1992,1994,straton,138
TR,1995,1995,straton,138
TR,1995,1996,straton,152
TR,1995,1997,straton,143
TR,1998,1998,straton,111
TR,1998,1999,straton,137
TR,1998,2000,straton,122
TR,2001,2001,straton,137
TR,2001,2002,straton,156
TR,2001,2003,straton,149
TR,2004,2004,straton,135
TR,2004,2005,straton,137
TR,2004,2006,straton,137
TR,2007,2007,straton,143
TR,2007,2008,straton,143
TR,2007,2009,straton,131
TR,2010,2010,straton,118
TR,2010,2011,straton,139
TR,2010,2012,straton,122
TR,2013,2013,straton,150
TR,2013,2014,straton,170
TR,2013,2015,straton,127
TR,2016,2016,straton,133
TR,2016,2017,straton,139
TR,2016,2018,straton,152
TR,2019,2019,straton,143
TR,2019,2020,straton,157
WI,1995,1996,straton,151
WI,1995,1997,straton,163
WI,1998,1998,straton,113
WI,1998,1999,straton,103
WI,1998,2000,straton,145
WI,2001,2001,straton,169
WI,2001,2002,straton,127
WI,2001,2003,straton,121
WI,2004,2004,straton,134
WI,2004,2005,straton,145
WI,2004,2006,straton,137
WI,2007,2007,straton,150
WI,2007,2008,straton,163
WI,2007,2009,straton,162
WI,2010,2010,straton,146
WI,2010,2011,straton,278
WI,2010,2012,straton,124
WI,2013,2013,straton,135
WI,2013,2014,straton,154
WI,2013,2015,straton,107
WI,2016,2016,straton,146
WI,2016,2017,straton,124
WI,2016,2018,straton,116
WI,2019,2019,straton,135
WI,2019,2020,straton,160
AL,1980,1981,stratoff,269
AL,1980,1982,stratoff,278
AL,1983,1983,stratoff,272
AL,1983,1984,stratoff,289
AL,1983,1985,stratoff,255
AL,1986,1986,stratoff,238
AL,1986,1987,stratoff,253
AL,1986,1988,stratoff,243
AL,1989,1989,stratoff,262
AL,1989,1990,stratoff,247
AL,1989,1991,stratoff,253
AL,1992,1992,stratoff,280
AL,1992,1993,stratoff,252
AL,1992,1994,stratoff,264
AL,1995,1995,stratoff,275
AL,1995,1996,stratoff,290
AL,1995,1997,stratoff,251
AL,1998,1998,stratoff,265
AL,1998,1999,stratoff,250
AL,1998,2000,stratoff,290
AL,2001,2001,stratoff,260
AL,2001,2002,stratoff,267
AL,2001,2003,stratoff,260
AL,2004,2004,stratoff,285
AL,2004,2005,stratoff,276
AL,2004,2006,stratoff,277
AL,2007,2007,stratoff,281
AL,2007,2008,stratoff,266
AL,2007,2009,stratoff,257
AL,2010,2010,stratoff,285
AL,2010,2011,stratoff,278
AL,2010,2012,stratoff,275
AL,2013,2013,stratoff,287
AL,2013,2014,stratoff,279
AL,2013,2015,stratoff,264
AL,2016,2016,stratoff,270
AL,2016,2017,stratoff,277
AL,2016,2018,stratoff,275
AL,2019,2019,stratoff,266
AL,2019,2020,stratoff,252
BM,1980,1981,stratoff,266
BM,1980,1982,stratoff,291
BM,1983,1983,stratoff,290
BM,1983,1984,stratoff,289
BM,1983,1985,stratoff,276
BM,1986,1986,stratoff,280
BM,1986,1987,stratoff,279
BM,1986,1988,stratoff,287
BM,1989,1989,stratoff,276
BM,1989,1990,stratoff,274
BM,1989,1991,stratoff,280
BM,1992,1992,stratoff,281
BM,1992,1993,stratoff,277
BM,1992,1994,stratoff,291
BM,1995,1995,stratoff,289
BM,1995,1996,stratoff,288
BM,1995,1997,stratoff,283
BM,1998,1998,stratoff,278
BM,1998,1999,stratoff,277
BM,1998,2000,stratoff,290
BM,2001,2001,stratoff,274
BM,2001,2002,stratoff,280
BM,2001,2003,stratoff,286
BM,2004,2004,stratoff,286
BM,2004,2005,stratoff,290
BM,2004,2006,stratoff,275
BM,2007,2007,stratoff,281
BM,2007,2008,stratoff,295
BM,2007,2009,stratoff,272
BM,2010,2010,stratoff,270
BM,2010,2011,stratoff,276
BM,2010,2012,stratoff,275
BM,2013,2013,stratoff,289
BM,2013,2014,stratoff,280
BM,2013,2015,stratoff,294
BM,2016,2016,stratoff,300
BM,2016,2017,stratoff,290
BM,2016,2018,stratoff,290
BM,2019,2019,stratoff,281
BM,2019,2020,stratoff,288
CB,1980,1981,stratoff,268
CB,1980,1982,stratoff,279
CB,1983,1983,stratoff,272
CB,1983,1984,stratoff,250
CB,1983,1985,stratoff,297
CB,1986,1986,stratoff,293
CB,1986,1987,stratoff,266
CB,1986,1988,stratoff,270
CB,1989,1989,stratoff,303
CB,1989,1990,stratoff,247
CB,1989,1991,stratoff,253
CB,1992,1992,stratoff,267
CB,1992,1993,stratoff,279
CB,1992,1994,stratoff,263
CB,1995,1995,stratoff,277
CB,1995,1996,stratoff,275
CB,1995,1997,stratoff,238
CB,1998,1998,stratoff,251
CB,1998,1999,stratoff,278
CB,1998,2000,stratoff,305
CB,2001,2001,stratoff,275
CB,2001,2002,stratoff,253
CB,2001,2003,stratoff,261
CB,2004,2004,stratoff,273
CB,2004,2005,stratoff,279
CB,2004,2006,stratoff,276
CB,2007,2007,stratoff,269
CB,2007,2008,stratoff,311
CB,2007,2009,stratoff,259
CB,2010,2010,stratoff,286
CB,2010,2011,stratoff,277
CB,2010,2012,stratoff,291
CB,2013,2013,stratoff,276
CB,2013,2014,stratoff,268
CB,2013,2015,stratoff,264
CB,2016,2016,stratoff,299
CB,2016,2017,stratoff,291
CB,2016,2018,stratoff,276
CB,2019,2019,stratoff,280
CB,2019,2020,stratoff,251
CR,1980,1981,stratoff,267
CR,1980,1982,stratoff,278
CR,1983,1983,stratoff,292
CR,1983,1984,stratoff,290
CR,1983,1985,stratoff,295
CR,1986,1986,stratoff,281
CR,1986,1987,stratoff,280
CR,1986,1988,stratoff,285
CR,1989,1989,stratoff,304
CR,1989,1990,stratoff,290
CR,1989,1991,stratoff,283
CR,1992,1992,stratoff,282
CR,1992,1993,stratoff,293
CR,1992,1994,stratoff,293
CR,1995,1995,stratoff,292
CR,1995,1996,stratoff,290
CR,1995,1997,stratoff,293
CR,1998,1998,stratoff,295
CR,1998,1999,stratoff,293
CR,1998,2000,stratoff,307
CR,2001,2001,stratoff,290
CR,2001,2002,stratoff,283
CR,2001,2003,stratoff,289
CR,2004,2004,stratoff,301
CR,2004,2005,stratoff,291
CR,2004,2006,stratoff,291
CR,2007,2007,stratoff,298
CR,2007,2008,stratoff,296
CR,2007,2009,stratoff,288
CR,2010,2010,stratoff,286
CR,2010,2011,stratoff,292
CR,2010,2012,stratoff,250
CR,2013,2013,stratoff,249
CR,2013,2014,stratoff,293
CR,2013,2015,stratoff,293
CR,2016,2016,stratoff,319
CR,2016,2017,stratoff,289
CR,2016,2018,stratoff,289
CR,2019,2019,stratoff,295
CR,2019,2020,stratoff,287
FI,1995,1996,stratoff,288
FI,1995,1997,stratoff,301
FI,1998,1998,stratoff,299
FI,1998,1999,stratoff,298
FI,1998,2000,stratoff,297
FI,2001,2001,stratoff,297
FI,2001,2002,stratoff,296
FI,2001,2003,stratoff,274
FI,2004,2004,stratoff,282
FI,2004,2005,stratoff,308
FI,2004,2006,stratoff,278
FI,2007,2007,stratoff,303
FI,2007,2008,stratoff,284
FI,2007,2009,stratoff,280
FI,2010,2010,stratoff,274
FI,2010,2011,stratoff,279
FI,2010,2012,stratoff,284
FI,2013,2013,stratoff,305
FI,2013,2014,stratoff,275
FI,2013,2015,stratoff,308
FI,2016,2016,stratoff,312
FI,2016,2017,stratoff,296
FI,2016,2018,stratoff,306
FI,2019,2019,stratoff,281
FI,2019,2020,stratoff,280
ME,1995,1995,stratoff,284
ME,1995,1996,stratoff,290
ME,1995,1997,stratoff,274
ME,1998,1998,stratoff,300
ME,1998,1999,stratoff,280
ME,1998,2000,stratoff,298
ME,2001,2001,stratoff,269
ME,2001,2002,stratoff,266
ME,2001,2003,stratoff,272
ME,2004,2004,stratoff,279
ME,2004,2005,stratoff,269
ME,2004,2006,stratoff,275
ME,2007,2007,stratoff,302
ME,2007,2008,stratoff,273
ME,2007,2009,stratoff,273
ME,2010,2010,stratoff,278
ME,2010,2011,stratoff,276
ME,2010,2012,stratoff,275
ME,2013,2013,stratoff,273
ME,2013,2014,stratoff,271
ME,2013,2015,stratoff,280
ME,2016,2016,stratoff,314
ME,2016,2017,stratoff,277
ME,2016,2018,stratoff,291
ME,2019,2019,stratoff,277
ME,2019,2020,stratoff,282
MO,1995,1995,stratoff,268
MO,1995,1996,stratoff,290
MO,1995,1997,stratoff,273
MO,1998,1998,stratoff,300
MO,1998,1999,stratoff,270
MO,1998,2000,stratoff,298
MO,2001,2001,stratoff,269
MO,2001,2002,stratoff,267
MO,2001,2003,stratoff,273
MO,2004,2004,stratoff,280
MO,2004,2005,stratoff,270
MO,2004,2006,stratoff,277
MO,2007,2007,stratoff,277
MO,2007,2008,stratoff,305
MO,2007,2009,stratoff,273
MO,2010,2010,stratoff,281
MO,2010,2011,stratoff,277
MO,2010,2012,stratoff,276
MO,2013,2013,stratoff,274
MO,2013,2014,stratoff,274
MO,2013,2015,stratoff,280
MO,2016,2016,stratoff,315
MO,2016,2017,stratoff,278
MO,2016,2018,stratoff,281
MO,2019,2019,stratoff,280
MO,2019,2020,stratoff,310
SP,1980,1981,stratoff,292
SP,1980,1982,stratoff,292
SP,1983,1983,stratoff,306
SP,1983,1984,stratoff,291
SP,1983,1985,stratoff,296
SP,1986,1986,stratoff,294
SP,1986,1987,stratoff,293
SP,1986,1988,stratoff,298
SP,1989,1989,stratoff,305
SP,1989,1990,stratoff,289
SP,1989,1991,stratoff,280
SP,1992,1992,stratoff,294
SP,1992,1993,stratoff,291
SP,1992,1994,stratoff,305
SP,1995,1995,stratoff,304
SP,1995,1996,stratoff,289
SP,1995,1997,stratoff,297
SP,1998,1998,stratoff,293
SP,1998,1999,stratoff,292
SP,1998,2000,stratoff,306
SP,2001,2001,stratoff,302
SP,2001,2002,stratoff,297
SP,2001,2003,stratoff,301
SP,2004,2004,stratoff,299
SP,2004,2005,stratoff,290
SP,2004,2006,stratoff,292
SP,2007,2007,stratoff,296
SP,2007,2008,stratoff,294
SP,2007,2009,stratoff,302
SP,2010,2010,stratoff,299
SP,2010,2011,stratoff,304
SP,2010,2012,stratoff,278
SP,2013,2013,stratoff,302
SP,2013,2014,stratoff,294
SP,2013,2015,stratoff,294
SP,2016,2016,stratoff,321
SP,2016,2017,stratoff,290
SP,2016,2018,stratoff,288
SP,2019,2019,stratoff,296
SP,2019,2020,stratoff,287
TB,1980,1981,stratoff,269
TB,1980,1982,stratoff,291
TB,1983,1983,stratoff,292
TB,1983,1984,stratoff,291
TB,1983,1985,stratoff,296
TB,1986,1986,stratoff,296
TB,1986,1987,stratoff,292
TB,1986,1988,stratoff,285
TB,1989,1989,stratoff,303
TB,1989,1990,stratoff,289
TB,1989,1991,stratoff,301
TB,1992,1992,stratoff,279
TB,1992,1993,stratoff,292
TB,1992,1994,stratoff,305
TB,1995,1995,stratoff,290
TB,1995,1996,stratoff,291
TB,1995,1997,stratoff,294
TB,1998,1998,stratoff,292
TB,1998,1999,stratoff,279
TB,1998,2000,stratoff,304
TB,2001,2001,stratoff,320
TB,2001,2002,stratoff,280
TB,2001,2003,stratoff,287
TB,2004,2004,stratoff,300
TB,2004,2005,stratoff,292
TB,2004,2006,stratoff,275
TB,2007,2007,stratoff,297
TB,2007,2008,stratoff,295
TB,2007,2009,stratoff,285
TB,2010,2010,stratoff,299
TB,2010,2011,stratoff,291
TB,2010,2012,stratoff,290
TB,2013,2013,stratoff,288
TB,2013,2014,stratoff,293
TB,2013,2015,stratoff,293
TB,2016,2016,stratoff,300
TB,2016,2017,stratoff,291
TB,2016,2018,stratoff,274
TB,2019,2019,stratoff,281
TB,2019,2020,stratoff,286
TR,1980,1981,stratoff,294
TR,1980,1982,stratoff,294
TR,1983,1983,stratoff,291
TR,1983,1984,stratoff,290
TR,1983,1985,stratoff,294
TR,1986,1986,stratoff,293
TR,1986,1987,stratoff,292
TR,1986,1988,stratoff,286
TR,1989,1989,stratoff,306
TR,1989,1990,stratoff,288
TR,1989,1991,stratoff,282
TR,1992,1992,stratoff,293
TR,1992,1993,stratoff,291
TR,1992,1994,stratoff,304
TR,1995,1995,stratoff,291
TR,1995,1996,stratoff,289
TR,1995,1997,stratoff,296
TR,1998,1998,stratoff,294
TR,1998,1999,stratoff,291
TR,1998,2000,stratoff,305
TR,2001,2001,stratoff,291
TR,2001,2002,stratoff,281
TR,2001,2003,stratoff,300
TR,2004,2004,stratoff,302
TR,2004,2005,stratoff,291
TR,2004,2006,stratoff,290
TR,2007,2007,stratoff,297
TR,2007,2008,stratoff,297
TR,2007,2009,stratoff,286
TR,2010,2010,stratoff,298
TR,2010,2011,stratoff,306
TR,2010,2012,stratoff,290
TR,2013,2013,stratoff,303
TR,2013,2014,stratoff,296
TR,2013,2015,stratoff,295
TR,2016,2016,stratoff,320
TR,2016,2017,stratoff,292
TR,2016,2018,stratoff,291
TR,2019,2019,stratoff,297
TR,2019,2020,stratoff,290
WI,1995,1996,stratoff,289
WI,1995,1997,stratoff,206
WI,1998,1998,stratoff,243
WI,1998,1999,stratoff,173
WI,1998,2000,stratoff,242
WI,2001,2001,stratoff,240
WI,2001,2002,stratoff,269
WI,2001,2003,stratoff,234
WI,2004,2004,stratoff,204
WI,2004,2005,stratoff,203
WI,2004,2006,stratoff,257
WI,2007,2007,stratoff,248
WI,2007,2008,stratoff,204
WI,2007,2009,stratoff,229
WI,2010,2010,stratoff,243
WI,2010,2011,stratoff,278
WI,2010,2012,stratoff,237
WI,2013,2013,stratoff,231
WI,2013,2014,stratoff,251
WI,2013,2015,stratoff,251
WI,2016,2016,stratoff,252
WI,2016,2017,stratoff,233
WI,2016,2018,stratoff,233
WI,2019,2019,stratoff,231
WI,2019,2020,stratoff,219
AL,1980,1981,energy,197
AL,1980,1982,energy,202
AL,1983,1983,energy,201
AL,1983,1984,energy,227
AL,1983,1985,energy,219
AL,1986,1986,energy,209
AL,1986,1987,energy,208
AL,1986,1988,energy,216
AL,1989,1989,energy,206
AL,1989,1990,energy,205
AL,1989,1991,energy,196
AL,1992,1992,energy,225
AL,1992,1993,energy,238
AL,1992,1994,energy,178
AL,1995,1995,energy,220
AL,1995,1996,energy,247
AL,1995,1997,energy,212
AL,1998,1998,energy,194
AL,1998,1999,energy,209
AL,1998,2000,energy,194
AL,2001,2001,energy,218
AL,2001,2002,energy,197
AL,2001,2003,energy,230
AL,2004,2004,energy,204
AL,2004,2005,energy,220
AL,2004,2006,energy,206
AL,2007,2007,energy,211
AL,2007,2008,energy,225
AL,2007,2009,energy,257
AL,2010,2010,energy,214
AL,2010,2011,energy,220
AL,2010,2012,energy,207
AL,2013,2013,energy,203
AL,2013,2014,energy,238
AL,2013,2015,energy,208
AL,2016,2016,energy,231
AL,2016,2017,energy,206
AL,2016,2018,energy,192
AL,2019,2019,energy,197
AL,2019,2020,energy,184
BM,1980,1981,energy,195
BM,1980,1982,energy,217
BM,1983,1983,energy,199
BM,1983,1984,energy,226
BM,1983,1985,energy,220
BM,1986,1986,energy,211
BM,1986,1987,energy,209
BM,1986,1988,energy,217
BM,1989,1989,energy,206
BM,1989,1990,energy,207
BM,1989,1991,energy,226
BM,1992,1992,energy,225
BM,1992,1993,energy,238
BM,1992,1994,energy,206
BM,1995,1995,energy,220
BM,1995,1996,energy,247
BM,1995,1997,energy,211
BM,1998,1998,energy,223
BM,1998,1999,energy,208
BM,1998,2000,energy,220
BM,2001,2001,energy,219
BM,2001,2002,energy,211
BM,2001,2003,energy,231
BM,2004,2004,energy,216
BM,2004,2005,energy,222
BM,2004,2006,energy,219
BM,2007,2007,energy,213
BM,2007,2008,energy,212
BM,2007,2009,energy,229
BM,2010,2010,energy,214
BM,2010,2011,energy,221
BM,2010,2012,energy,205
BM,2013,2013,energy,246
BM,2013,2014,energy,223
BM,2013,2015,energy,210
BM,2016,2016,energy,229
BM,2016,2017,energy,219
BM,2016,2018,energy,232
BM,2019,2019,energy,210
BM,2019,2020,energy,218
CB,1980,1981,energy,222
CB,1980,1982,energy,203
CB,1983,1983,energy,200
CB,1983,1984,energy,213
CB,1983,1985,energy,217
CB,1986,1986,energy,212
CB,1986,1987,energy,208
CB,1986,1988,energy,215
CB,1989,1989,energy,207
CB,1989,1990,energy,206
CB,1989,1991,energy,197
CB,1992,1992,energy,209
CB,1992,1993,energy,237
CB,1992,1994,energy,180
CB,1995,1995,energy,234
CB,1995,1996,energy,249
CB,1995,1997,energy,181
CB,1998,1998,energy,196
CB,1998,1999,energy,207
CB,1998,2000,energy,235
CB,2001,2001,energy,220
CB,2001,2002,energy,198
CB,2001,2003,energy,230
CB,2004,2004,energy,217
CB,2004,2005,energy,194
CB,2004,2006,energy,193
CB,2007,2007,energy,212
CB,2007,2008,energy,211
CB,2007,2009,energy,230
CB,2010,2010,energy,216
CB,2010,2011,energy,207
CB,2010,2012,energy,206
CB,2013,2013,energy,190
CB,2013,2014,energy,238
CB,2013,2015,energy,210
CB,2016,2016,energy,230
CB,2016,2017,energy,205
CB,2016,2018,energy,190
CB,2019,2019,energy,211
CB,2019,2020,energy,185
CR,1980,1981,energy,237
CR,1980,1982,energy,215
CR,1983,1983,energy,228
CR,1983,1984,energy,226
CR,1983,1985,energy,219
CR,1986,1986,energy,211
CR,1986,1987,energy,210
CR,1986,1988,energy,230
CR,1989,1989,energy,208
CR,1989,1990,energy,249
CR,1989,1991,energy,241
CR,1992,1992,energy,238
CR,1992,1993,energy,236
CR,1992,1994,energy,237
CR,1995,1995,energy,235
CR,1995,1996,energy,248
CR,1995,1997,energy,224
CR,1998,1998,energy,238
CR,1998,1999,energy,210
CR,1998,2000,energy,223
CR,2001,2001,energy,221
CR,2001,2002,energy,254
CR,2001,2003,energy,233
CR,2004,2004,energy,218
CR,2004,2005,energy,222
CR,2004,2006,energy,222
CR,2007,2007,energy,213
CR,2007,2008,energy,239
CR,2007,2009,energy,259
CR,2010,2010,energy,223
CR,2010,2011,energy,236
CR,2010,2012,energy,214
CR,2013,2013,energy,249
CR,2013,2014,energy,225
CR,2013,2015,energy,208
CR,2016,2016,energy,230
CR,2016,2017,energy,193
CR,2016,2018,energy,233
CR,2019,2019,energy,224
CR,2019,2020,energy,217
FI,1995,1996,energy,250
FI,1995,1997,energy,217
FI,1998,1998,energy,203
FI,1998,1999,energy,215
FI,1998,2000,energy,227
FI,2001,2001,energy,227
FI,2001,2002,energy,226
FI,2001,2003,energy,218
FI,2004,2004,energy,203
FI,2004,2005,energy,229
FI,2004,2006,energy,222
FI,2007,2007,energy,191
FI,2007,2008,energy,220
FI,2007,2009,energy,230
FI,2010,2010,energy,218
FI,2010,2011,energy,200
FI,2010,2012,energy,191
FI,2013,2013,energy,204
FI,2013,2014,energy,219
FI,2013,2015,energy,218
FI,2016,2016,energy,228
FI,2016,2017,energy,208
FI,2016,2018,energy,232
FI,2019,2019,energy,220
FI,2019,2020,energy,280
ME,1995,1995,energy,226
ME,1995,1996,energy,249
ME,1995,1997,energy,218
ME,1998,1998,energy,204
ME,1998,1999,energy,214
ME,1998,2000,energy,229
ME,2001,2001,energy,225
ME,2001,2002,energy,207
ME,2001,2003,energy,230
ME,2004,2004,energy,216
ME,2004,2005,energy,227
ME,2004,2006,energy,219
ME,2007,2007,energy,218
ME,2007,2008,energy,217
ME,2007,2009,energy,231
ME,2010,2010,energy,228
ME,2010,2011,energy,216
ME,2010,2012,energy,219
ME,2013,2013,energy,247
ME,2013,2014,energy,245
ME,2013,2015,energy,230
ME,2016,2016,energy,228
ME,2016,2017,energy,205
ME,2016,2018,energy,234
ME,2019,2019,energy,217
ME,2019,2020,energy,233
MO,1995,1995,energy,226
MO,1995,1996,energy,249
MO,1995,1997,energy,205
MO,1998,1998,energy,204
MO,1998,1999,energy,214
MO,1998,2000,energy,229
MO,2001,2001,energy,225
MO,2001,2002,energy,225
MO,2001,2003,energy,230
MO,2004,2004,energy,218
MO,2004,2005,energy,227
MO,2004,2006,energy,220
MO,2007,2007,energy,247
MO,2007,2008,energy,218
MO,2007,2009,energy,232
MO,2010,2010,energy,216
MO,2010,2011,energy,221
MO,2010,2012,energy,193
MO,2013,2013,energy,203
MO,2013,2014,energy,232
MO,2013,2015,energy,216
MO,2016,2016,energy,229
MO,2016,2017,energy,206
MO,2016,2018,energy,249
MO,2019,2019,energy,218
MO,2019,2020,energy,191
SP,1980,1981,energy,237
SP,1980,1982,energy,201
SP,1983,1983,energy,249
SP,1983,1984,energy,229
SP,1983,1985,energy,217
SP,1986,1986,energy,210
SP,1986,1987,energy,210
SP,1986,1988,energy,229
SP,1989,1989,energy,205
SP,1989,1990,energy,247
SP,1989,1991,energy,240
SP,1992,1992,energy,237
SP,1992,1993,energy,235
SP,1992,1994,energy,264
SP,1995,1995,energy,219
SP,1995,1996,energy,249
SP,1995,1997,energy,210
SP,1998,1998,energy,238
SP,1998,1999,energy,209
SP,1998,2000,energy,221
SP,2001,2001,energy,218
SP,2001,2002,energy,211
SP,2001,2003,energy,232
SP,2004,2004,energy,215
SP,2004,2005,energy,221
SP,2004,2006,energy,221
SP,2007,2007,energy,225
SP,2007,2008,energy,238
SP,2007,2009,energy,231
SP,2010,2010,energy,215
SP,2010,2011,energy,220
SP,2010,2012,energy,207
SP,2013,2013,energy,247
SP,2013,2014,energy,237
SP,2013,2015,energy,209
SP,2016,2016,energy,231
SP,2016,2017,energy,221
SP,2016,2018,energy,234
SP,2019,2019,energy,225
SP,2019,2020,energy,216
TB,1980,1981,energy,224
TB,1980,1982,energy,188
TB,1983,1983,energy,215
TB,1983,1984,energy,228
TB,1983,1985,energy,218
TB,1986,1986,energy,210
TB,1986,1987,energy,209
TB,1986,1988,energy,229
TB,1989,1989,energy,205
TB,1989,1990,energy,249
TB,1989,1991,energy,224
TB,1992,1992,energy,223
TB,1992,1993,energy,235
TB,1992,1994,energy,263
TB,1995,1995,energy,220
TB,1995,1996,energy,248
TB,1995,1997,energy,223
TB,1998,1998,energy,222
TB,1998,1999,energy,207
TB,1998,2000,energy,236
TB,2001,2001,energy,219
TB,2001,2002,energy,212
TB,2001,2003,energy,232
TB,2004,2004,energy,216
TB,2004,2005,energy,206
TB,2004,2006,energy,220
TB,2007,2007,energy,214
TB,2007,2008,energy,210
TB,2007,2009,energy,258
TB,2010,2010,energy,244
TB,2010,2011,energy,252
TB,2010,2012,energy,205
TB,2013,2013,energy,218
TB,2013,2014,energy,237
TB,2013,2015,energy,209
TB,2016,2016,energy,229
TB,2016,2017,energy,219
TB,2016,2018,energy,233
TB,2019,2019,energy,210
TB,2019,2020,energy,183
TR,1980,1981,energy,238
TR,1980,1982,energy,200
TR,1983,1983,energy,215
TR,1983,1984,energy,228
TR,1983,1985,energy,218
TR,1986,1986,energy,209
TR,1986,1987,energy,208
TR,1986,1988,energy,228
TR,1989,1989,energy,207
TR,1989,1990,energy,204
TR,1989,1991,energy,240
TR,1992,1992,energy,237
TR,1992,1993,energy,237
TR,1992,1994,energy,207
TR,1995,1995,energy,221
TR,1995,1996,energy,250
TR,1995,1997,energy,224
TR,1998,1998,energy,225
TR,1998,1999,energy,208
TR,1998,2000,energy,235
TR,2001,2001,energy,220
TR,2001,2002,energy,210
TR,2001,2003,energy,231
TR,2004,2004,energy,217
TR,2004,2005,energy,223
TR,2004,2006,energy,220
TR,2007,2007,energy,212
TR,2007,2008,energy,213
TR,2007,2009,energy,230
TR,2010,2010,energy,216
TR,2010,2011,energy,209
TR,2010,2012,energy,206
TR,2013,2013,energy,248
TR,2013,2014,energy,239
TR,2013,2015,energy,225
TR,2016,2016,energy,232
TR,2016,2017,energy,222
TR,2016,2018,energy,221
TR,2019,2019,energy,199
TR,2019,2020,energy,188
WI,1995,1996,energy,220
WI,1995,1997,energy,175
WI,1998,1998,energy,175
WI,1998,1999,energy,215
WI,1998,2000,energy,227
WI,2001,2001,energy,213
WI,2001,2002,energy,199
WI,2001,2003,energy,234
WI,2004,2004,energy,204
WI,2004,2005,energy,216
WI,2004,2006,energy,221
WI,2007,2007,energy,192
WI,2007,2008,energy,204
WI,2007,2009,energy,229
WI,2010,2010,energy,202
WI,2010,2011,energy,207
WI,2010,2012,energy,194
WI,2013,2013,energy,203
WI,2013,2014,energy,175
WI,2013,2015,energy,229
WI,2016,2016,energy,230
WI,2016,2017,energy,165
WI,2016,2018,energy,194
WI,2019,2019,energy,192
WI,2019,2020,energy,160
AL,1980,1981,stability,154
AL,1980,1982,stability,160
AL,1983,1983,stability,173
AL,1983,1984,stability,200
AL,1983,1985,stability,219
AL,1986,1986,stability,209
AL,1986,1987,stability,194
AL,1986,1988,stability,172
AL,1989,1989,stability,219
AL,1989,1990,stability,120
AL,1989,1991,stability,239
AL,1992,1992,stability,225
AL,1992,1993,stability,207
AL,1992,1994,stability,193
AL,1995,1995,stability,177
AL,1995,1996,stability,164
AL,1995,1997,stability,183
AL,1998,1998,stability,210
AL,1998,1999,stability,222
AL,1998,2000,stability,154
AL,2001,2001,stability,248
AL,2001,2002,stability,197
AL,2001,2003,stability,218
AL,2004,2004,stability,204
AL,2004,2005,stability,165
AL,2004,2006,stability,221
AL,2007,2007,stability,170
AL,2007,2008,stability,238
AL,2007,2009,stability,187
AL,2010,2010,stability,144
AL,2010,2011,stability,193
AL,2010,2012,stability,219
AL,2013,2013,stability,203
AL,2013,2014,stability,153
AL,2013,2015,stability,208
AL,2016,2016,stability,172
AL,2016,2017,stability,234
AL,2016,2018,stability,149
AL,2019,2019,stability,197
AL,2019,2020,stability,184
BM,1980,1981,stability,168
BM,1980,1982,stability,217
BM,1983,1983,stability,250
BM,1983,1984,stability,248
BM,1983,1985,stability,220
BM,1986,1986,stability,237
BM,1986,1987,stability,223
BM,1986,1988,stability,231
BM,1989,1989,stability,206
BM,1989,1990,stability,233
BM,1989,1991,stability,239
BM,1992,1992,stability,170
BM,1992,1993,stability,209
BM,1992,1994,stability,222
BM,1995,1995,stability,235
BM,1995,1996,stability,205
BM,1995,1997,stability,181
BM,1998,1998,stability,209
BM,1998,1999,stability,194
BM,1998,2000,stability,251
BM,2001,2001,stability,206
BM,2001,2002,stability,211
BM,2001,2003,stability,245
BM,2004,2004,stability,243
BM,2004,2005,stability,179
BM,2004,2006,stability,219
BM,2007,2007,stability,254
BM,2007,2008,stability,241
BM,2007,2009,stability,229
BM,2010,2010,stability,214
BM,2010,2011,stability,235
BM,2010,2012,stability,222
BM,2013,2013,stability,206
BM,2013,2014,stability,252
BM,2013,2015,stability,210
BM,2016,2016,stability,229
BM,2016,2017,stability,234
BM,2016,2018,stability,204
BM,2019,2019,stability,210
BM,2019,2020,stability,218
CB,1980,1981,stability,253
CB,1980,1982,stability,144
CB,1983,1983,stability,200
CB,1983,1984,stability,170
CB,1983,1985,stability,134
CB,1986,1986,stability,126
CB,1986,1987,stability,154
CB,1986,1988,stability,160
CB,1989,1989,stability,192
CB,1989,1990,stability,192
CB,1989,1991,stability,154
CB,1992,1992,stability,156
CB,1992,1993,stability,193
CB,1992,1994,stability,165
CB,1995,1995,stability,178
CB,1995,1996,stability,190
CB,1995,1997,stability,153
CB,1998,1998,stability,167
CB,1998,1999,stability,207
CB,1998,2000,stability,166
CB,2001,2001,stability,205
CB,2001,2002,stability,182
CB,2001,2003,stability,189
CB,2004,2004,stability,202
CB,2004,2005,stability,194
CB,2004,2006,stability,193
CB,2007,2007,stability,169
CB,2007,2008,stability,184
CB,2007,2009,stability,174
CB,2010,2010,stability,200
CB,2010,2011,stability,192
CB,2010,2012,stability,206
CB,2013,2013,stability,162
CB,2013,2014,stability,182
CB,2013,2015,stability,210
CB,2016,2016,stability,203
CB,2016,2017,stability,165
CB,2016,2018,stability,190
CB,2019,2019,stability,196
CB,2019,2020,stability,185
CR,1980,1981,stability,208
CR,1980,1982,stability,215
CR,1983,1983,stability,228
CR,1983,1984,stability,226
CR,1983,1985,stability,234
CR,1986,1986,stability,239
CR,1986,1987,stability,251
CR,1986,1988,stability,230
CR,1989,1989,stability,236
CR,1989,1990,stability,221
CR,1989,1991,stability,171
CR,1992,1992,stability,238
CR,1992,1993,stability,209
CR,1992,1994,stability,167
CR,1995,1995,stability,235
CR,1995,1996,stability,248
CR,1995,1997,stability,209
CR,1998,1998,stability,253
CR,1998,1999,stability,251
CR,1998,2000,stability,223
CR,2001,2001,stability,249
CR,2001,2002,stability,227
CR,2001,2003,stability,219
CR,2004,2004,stability,232
CR,2004,2005,stability,209
CR,2004,2006,stability,222
CR,2007,2007,stability,200
CR,2007,2008,stability,170
CR,2007,2009,stability,217
CR,2010,2010,stability,223
CR,2010,2011,stability,236
CR,2010,2012,stability,208
CR,2013,2013,stability,162
CR,2013,2014,stability,240
CR,2013,2015,stability,222
CR,2016,2016,stability,230
CR,2016,2017,stability,220
CR,2016,2018,stability,191
CR,2019,2019,stability,212
CR,2019,2020,stability,217
FI,1995,1996,stability,234
FI,1995,1997,stability,203
FI,1998,1998,stability,217
FI,1998,1999,stability,201
FI,1998,2000,stability,215
FI,2001,2001,stability,199
FI,2001,2002,stability,183
FI,2001,2003,stability,190
FI,2004,2004,stability,218
FI,2004,2005,stability,188
FI,2004,2006,stability,194
FI,2007,2007,stability,234
FI,2007,2008,stability,192
FI,2007,2009,stability,175
FI,2010,2010,stability,218
FI,2010,2011,stability,223
FI,2010,2012,stability,191
FI,2013,2013,stability,255
FI,2013,2014,stability,189
FI,2013,2015,stability,230
FI,2016,2016,stability,158
FI,2016,2017,stability,180
FI,2016,2018,stability,207
FI,2019,2019,stability,253
FI,2019,2020,stability,280
ME,1995,1995,stability,199
ME,1995,1996,stability,190
ME,1995,1997,stability,218
ME,1998,1998,stability,204
ME,1998,1999,stability,187
ME,1998,2000,stability,130
ME,2001,2001,stability,169
ME,2001,2002,stability,224
ME,2001,2003,stability,216
ME,2004,2004,stability,173
ME,2004,2005,stability,269
ME,2004,2006,stability,249
ME,2007,2007,stability,232
ME,2007,2008,stability,231
ME,2007,2009,stability,245
ME,2010,2010,stability,228
ME,2010,2011,stability,206
ME,2010,2012,stability,219
ME,2013,2013,stability,203
ME,2013,2014,stability,245
ME,2013,2015,stability,215
ME,2016,2016,stability,200
ME,2016,2017,stability,235
ME,2016,2018,stability,234
ME,2019,2019,stability,247
ME,2019,2020,stability,219
MO,1995,1995,stability,226
MO,1995,1996,stability,218
MO,1995,1997,stability,205
MO,1998,1998,stability,173
MO,1998,1999,stability,229
MO,1998,2000,stability,214
MO,2001,2001,stability,169
MO,2001,2002,stability,207
MO,2001,2003,stability,246
MO,2004,2004,stability,218
MO,2004,2005,stability,227
MO,2004,2006,stability,233
MO,2007,2007,stability,190
MO,2007,2008,stability,249
MO,2007,2009,stability,232
MO,2010,2010,stability,201
MO,2010,2011,stability,221
MO,2010,2012,stability,249
MO,2013,2013,stability,253
MO,2013,2014,stability,251
MO,2013,2015,stability,233
MO,2016,2016,stability,201
MO,2016,2017,stability,220
MO,2016,2018,stability,233
MO,2019,2019,stability,204
MO,2019,2020,stability,191
SP,1980,1981,stability,237
SP,1980,1982,stability,214
SP,1983,1983,stability,249
SP,1983,1984,stability,229
SP,1983,1985,stability,203
SP,1986,1986,stability,237
SP,1986,1987,stability,238
SP,1986,1988,stability,229
SP,1989,1989,stability,233
SP,1989,1990,stability,233
SP,1989,1991,stability,182
SP,1992,1992,stability,237
SP,1992,1993,stability,223
SP,1992,1994,stability,221
SP,1995,1995,stability,219
SP,1995,1996,stability,207
SP,1995,1997,stability,210
SP,1998,1998,stability,224
SP,1998,1999,stability,222
SP,1998,2000,stability,250
SP,2001,2001,stability,247
SP,2001,2002,stability,211
SP,2001,2003,stability,232
SP,2004,2004,stability,215
SP,2004,2005,stability,234
SP,2004,2006,stability,207
SP,2007,2007,stability,254
SP,2007,2008,stability,238
SP,2007,2009,stability,246
SP,2010,2010,stability,215
SP,2010,2011,stability,234
SP,2010,2012,stability,222
SP,2013,2013,stability,204
SP,2013,2014,stability,237
SP,2013,2015,stability,223
SP,2016,2016,stability,188
SP,2016,2017,stability,233
SP,2016,2018,stability,192
SP,2019,2019,stability,211
SP,2019,2020,stability,185
TB,1980,1981,stability,196
TB,1980,1982,stability,203
TB,1983,1983,stability,200
TB,1983,1984,stability,184
TB,1983,1985,stability,218
TB,1986,1986,stability,182
TB,1986,1987,stability,173
TB,1986,1988,stability,172
TB,1989,1989,stability,205
TB,1989,1990,stability,178
TB,1989,1991,stability,224
TB,1992,1992,stability,153
TB,1992,1993,stability,207
TB,1992,1994,stability,139
TB,1995,1995,stability,152
TB,1995,1996,stability,152
TB,1995,1997,stability,155
TB,1998,1998,stability,168
TB,1998,1999,stability,207
TB,1998,2000,stability,124
TB,2001,2001,stability,176
TB,2001,2002,stability,182
TB,2001,2003,stability,232
TB,2004,2004,stability,216
TB,2004,2005,stability,152
TB,2004,2006,stability,152
TB,2007,2007,stability,214
TB,2007,2008,stability,182
TB,2007,2009,stability,173
TB,2010,2010,stability,145
TB,2010,2011,stability,206
TB,2010,2012,stability,205
TB,2013,2013,stability,176
TB,2013,2014,stability,167
TB,2013,2015,stability,154
TB,2016,2016,stability,145
TB,2016,2017,stability,166
TB,2016,2018,stability,136
TB,2019,2019,stability,155
TB,2019,2020,stability,183
TR,1980,1981,stability,222
TR,1980,1982,stability,215
TR,1983,1983,stability,251
TR,1983,1984,stability,198
TR,1983,1985,stability,232
TR,1986,1986,stability,209
TR,1986,1987,stability,237
TR,1986,1988,stability,242
TR,1989,1989,stability,192
TR,1989,1990,stability,219
TR,1989,1991,stability,184
TR,1992,1992,stability,237
TR,1992,1993,stability,222
TR,1992,1994,stability,220
TR,1995,1995,stability,236
TR,1995,1996,stability,191
TR,1995,1997,stability,224
TR,1998,1998,stability,210
TR,1998,1999,stability,251
TR,1998,2000,stability,263
TR,2001,2001,stability,250
TR,2001,2002,stability,183
TR,2001,2003,stability,231
TR,2004,2004,stability,232
TR,2004,2005,stability,208
TR,2004,2006,stability,205
TR,2007,2007,stability,255
TR,2007,2008,stability,240
TR,2007,2009,stability,215
TR,2010,2010,stability,245
TR,2010,2011,stability,237
TR,2010,2012,stability,234
TR,2013,2013,stability,205
TR,2013,2014,stability,197
TR,2013,2015,stability,211
TR,2016,2016,stability,204
TR,2016,2017,stability,236
TR,2016,2018,stability,193
TR,2019,2019,stability,213
TR,2019,2020,stability,254
WI,1995,1996,stability,220
WI,1995,1997,stability,175
WI,1998,1998,stability,175
WI,1998,1999,stability,159
WI,1998,2000,stability,172
WI,2001,2001,stability,213
WI,2001,2002,stability,184
WI,2001,2003,stability,176
WI,2004,2004,stability,134
WI,2004,2005,stability,173
WI,2004,2006,stability,152
WI,2007,2007,stability,220
WI,2007,2008,stability,204
WI,2007,2009,stability,173
WI,2010,2010,stability,146
WI,2010,2011,stability,278
WI,2010,2012,stability,124
WI,2013,2013,stability,203
WI,2013,2014,stability,175
WI,2013,2015,stability,251
WI,2016,2016,stability,146
WI,2016,2017,stability,165
WI,2016,2018,stability,151
WI,2019,2019,stability,192
WI,2019,2020,stability,160
AL,1980,1981,anoxia,239
AL,1980,1982,anoxia,251
AL,1983,1983,anoxia,186
AL,1983,1984,anoxia,227
AL,1983,1985,anoxia,219
AL,1986,1986,anoxia,90
AL,1986,1987,anoxia,180
AL,1986,1988,anoxia,81
AL,1989,1989,anoxia,234
AL,1989,1990,anoxia,58
AL,1989,1991,anoxia,196
AL,1992,1992,anoxia,64
AL,1992,1993,anoxia,82
AL,1992,1994,anoxia,157
AL,1995,1995,anoxia,220
AL,1995,1996,anoxia,99
AL,1995,1997,anoxia,183
AL,1998,1998,anoxia,75
AL,1998,1999,anoxia,126
AL,1998,2000,anoxia,194
AL,2001,2001,anoxia,92
AL,2001,2002,anoxia,267
AL,2001,2003,anoxia,57
AL,2004,2004,anoxia,299
AL,2004,2005,anoxia,151
AL,2004,2006,anoxia,87
AL,2007,2007,anoxia,242
AL,2007,2008,anoxia,85
AL,2007,2009,anoxia,216
AL,2010,2010,anoxia,230
AL,2010,2011,anoxia,151
AL,2010,2012,anoxia,192
AL,2013,2013,anoxia,192
AL,2013,2014,anoxia,86
AL,2013,2015,anoxia,194
AL,2016,2016,anoxia,187
AL,2016,2017,anoxia,277
AL,2016,2018,anoxia,275
AL,2019,2019,anoxia,266
AL,2019,2020,anoxia,252
BM,1980,1981,anoxia,238
BM,1980,1982,anoxia,251
BM,1983,1983,anoxia,250
BM,1983,1984,anoxia,226
BM,1983,1985,anoxia,220
BM,1986,1986,anoxia,224
BM,1986,1987,anoxia,252
BM,1986,1988,anoxia,243
BM,1989,1989,anoxia,263
BM,1989,1990,anoxia,248
BM,1989,1991,anoxia,252
BM,1992,1992,anoxia,238
BM,1992,1993,anoxia,238
BM,1992,1994,anoxia,262
BM,1995,1995,anoxia,263
BM,1995,1996,anoxia,261
BM,1995,1997,anoxia,265
BM,1998,1998,anoxia,264
BM,1998,1999,anoxia,250
BM,1998,2000,anoxia,237
BM,2001,2001,anoxia,260
BM,2001,2002,anoxia,266
BM,2001,2003,anoxia,260
BM,2004,2004,anoxia,257
BM,2004,2005,anoxia,265
BM,2004,2006,anoxia,248
BM,2007,2007,anoxia,254
BM,2007,2008,anoxia,252
BM,2007,2009,anoxia,257
BM,2010,2010,anoxia,229
BM,2010,2011,anoxia,262
BM,2010,2012,anoxia,248
BM,2013,2013,anoxia,261
BM,2013,2014,anoxia,86
BM,2013,2015,anoxia,266
BM,2016,2016,anoxia,257
BM,2016,2017,anoxia,276
BM,2016,2018,anoxia,262
BM,2019,2019,anoxia,267
BM,2019,2020,anoxia,252
CB,1980,1981,anoxia,211
CB,1980,1982,anoxia,53
CB,1983,1983,anoxia,250
CB,1983,1984,anoxia,51
CB,1983,1985,anoxia,57
CB,1986,1986,anoxia,56
CB,1986,1987,anoxia,78
CB,1986,1988,anoxia,20
CB,1989,1989,anoxia,207
CB,1989,1990,anoxia,87
CB,1989,1991,anoxia,81
CB,1992,1992,anoxia,56
CB,1992,1993,anoxia,82
CB,1992,1994,anoxia,17
CB,1995,1995,anoxia,205
CB,1995,1996,anoxia,51
CB,1995,1997,anoxia,48
CB,1998,1998,anoxia,76
CB,1998,1999,anoxia,56
CB,1998,2000,anoxia,54
CB,2001,2001,anoxia,60
CB,2001,2002,anoxia,92
CB,2001,2003,anoxia,51
CB,2004,2004,anoxia,190
CB,2004,2005,anoxia,59
CB,2004,2006,anoxia,12
CB,2007,2007,anoxia,212
CB,2007,2008,anoxia,28
CB,2007,2009,anoxia,117
CB,2010,2010,anoxia,53
CB,2010,2011,anoxia,48
CB,2010,2012,anoxia,53
CB,2013,2013,anoxia,49
CB,2013,2014,anoxia,238
CB,2013,2015,anoxia,65
CB,2016,2016,anoxia,55
CB,2016,2017,anoxia,54
CB,2016,2018,anoxia,178
CB,2019,2019,anoxia,54
CB,2019,2020,anoxia,52
CR,1980,1981,anoxia,182
CR,1980,1982,anoxia,278
CR,1983,1983,anoxia,89
CR,1983,1984,anoxia,60
CR,1983,1985,anoxia,275
CR,1986,1986,anoxia,92
CR,1986,1987,anoxia,280
CR,1986,1988,anoxia,244
CR,1989,1989,anoxia,278
CR,1989,1990,anoxia,290
CR,1989,1991,anoxia,268
CR,1992,1992,anoxia,266
CR,1992,1993,anoxia,83
CR,1992,1994,anoxia,279
CR,1995,1995,anoxia,292
CR,1995,1996,anoxia,275
CR,1995,1997,anoxia,293
CR,1998,1998,anoxia,280
CR,1998,1999,anoxia,279
CR,1998,2000,anoxia,293
CR,2001,2001,anoxia,290
CR,2001,2002,anoxia,105
CR,2001,2003,anoxia,274
CR,2004,2004,anoxia,92
CR,2004,2005,anoxia,236
CR,2004,2006,anoxia,278
CR,2007,2007,anoxia,88
CR,2007,2008,anoxia,157
CR,2007,2009,anoxia,259
CR,2010,2010,anoxia,243
CR,2010,2011,anoxia,201
CR,2010,2012,anoxia,221
CR,2013,2013,anoxia,249
CR,2013,2014,anoxia,142
CR,2013,2015,anoxia,16
CR,2016,2016,anoxia,258
CR,2016,2017,anoxia,263
CR,2016,2018,anoxia,163
CR,2019,2019,anoxia,170
CR,2019,2020,anoxia,153
FI,1995,1996,anoxia,288
FI,1995,1997,anoxia,275
FI,1998,1998,anoxia,272
FI,1998,1999,anoxia,201
FI,1998,2000,anoxia,215
FI,2001,2001,anoxia,199
FI,2001,2002,anoxia,226
FI,2001,2003,anoxia,248
FI,2004,2004,anoxia,218
FI,2004,2005,anoxia,217
FI,2004,2006,anoxia,194
FI,2007,2007,anoxia,283
FI,2007,2008,anoxia,220
FI,2007,2009,anoxia,280
FI,2010,2010,anoxia,189
FI,2010,2011,anoxia,257
FI,2010,2012,anoxia,209
FI,2013,2013,anoxia,255
FI,2013,2014,anoxia,203
FI,2013,2015,anoxia,230
FI,2016,2016,anoxia,245
FI,2016,2017,anoxia,223
FI,2016,2018,anoxia,207
FI,2019,2019,anoxia,253
FI,2019,2020,anoxia,280
ME,1995,1995,anoxia,172
ME,1995,1996,anoxia,249
ME,1995,1997,anoxia,205
ME,1998,1998,anoxia,271
ME,1998,1999,anoxia,200
ME,1998,2000,anoxia,199
ME,2001,2001,anoxia,197
ME,2001,2002,anoxia,182
ME,2001,2003,anoxia,205
ME,2004,2004,anoxia,229
ME,2004,2005,anoxia,199
ME,2004,2006,anoxia,249
ME,2007,2007,anoxia,274
ME,2007,2008,anoxia,217
ME,2007,2009,anoxia,273
ME,2010,2010,anoxia,200
ME,2010,2011,anoxia,255
ME,2010,2012,anoxia,205
ME,2013,2013,anoxia,203
ME,2013,2014,anoxia,216
ME,2013,2015,anoxia,201
ME,2016,2016,anoxia,214
ME,2016,2017,anoxia,177
ME,2016,2018,anoxia,204
ME,2019,2019,anoxia,277
ME,2019,2020,anoxia,204
MO,1995,1995,anoxia,214
MO,1995,1996,anoxia,249
MO,1995,1997,anoxia,251
MO,1998,1998,anoxia,214
MO,1998,1999,anoxia,214
MO,1998,2000,anoxia,241
MO,2001,2001,anoxia,198
MO,2001,2002,anoxia,225
MO,2001,2003,anoxia,230
MO,2004,2004,anoxia,218
MO,2004,2005,anoxia,215
MO,2004,2006,anoxia,193
MO,2007,2007,anoxia,176
MO,2007,2008,anoxia,273
MO,2007,2009,anoxia,190
MO,2010,2010,anoxia,187
MO,2010,2011,anoxia,193
MO,2010,2012,anoxia,178
MO,2013,2013,anoxia,233
MO,2013,2014,anoxia,251
MO,2013,2015,anoxia,190
MO,2016,2016,anoxia,229
MO,2016,2017,anoxia,206
MO,2016,2018,anoxia,177
MO,2019,2019,anoxia,248
MO,2019,2020,anoxia,191
SP,1980,1981,anoxia,208
SP,1980,1982,anoxia,20
SP,1983,1983,anoxia,172
SP,1983,1984,anoxia,172
SP,1983,1985,anoxia,161
SP,1986,1986,anoxia,167
SP,1986,1987,anoxia,162
SP,1986,1988,anoxia,229
SP,1989,1989,anoxia,177
SP,1989,1990,anoxia,177
SP,1989,1991,anoxia,142
SP,1992,1992,anoxia,14
SP,1992,1993,anoxia,60
SP,1992,1994,anoxia,52
SP,1995,1995,anoxia,9
SP,1995,1996,anoxia,24
SP,1995,1997,anoxia,182
SP,1998,1998,anoxia,54
SP,1998,1999,anoxia,153
SP,1998,2000,anoxia,53
SP,2001,2001,anoxia,205
SP,2001,2002,anoxia,91
SP,2001,2003,anoxia,134
SP,2004,2004,anoxia,229
SP,2004,2005,anoxia,152
SP,2004,2006,anoxia,90
SP,2007,2007,anoxia,183
SP,2007,2008,anoxia,170
SP,2007,2009,anoxia,55
SP,2010,2010,anoxia,159
SP,2010,2011,anoxia,80
SP,2010,2012,anoxia,52
SP,2013,2013,anoxia,14
SP,2013,2014,anoxia,139
SP,2013,2015,anoxia,55
SP,2016,2016,anoxia,158
SP,2016,2017,anoxia,191
SP,2016,2018,anoxia,15
SP,2019,2019,anoxia,140
SP,2019,2020,anoxia,14
TB,1980,1981,anoxia,239
TB,1980,1982,anoxia,96
TB,1983,1983,anoxia,174
TB,1983,1984,anoxia,228
TB,1983,1985,anoxia,233
TB,1986,1986,anoxia,56
TB,1986,1987,anoxia,79
TB,1986,1988,anoxia,186
TB,1989,1989,anoxia,220
TB,1989,1990,anoxia,59
TB,1989,1991,anoxia,183
TB,1992,1992,anoxia,83
TB,1992,1993,anoxia,82
TB,1992,1994,anoxia,55
TB,1995,1995,anoxia,79
TB,1995,1996,anoxia,152
TB,1995,1997,anoxia,83
TB,1998,1998,anoxia,75
TB,1998,1999,anoxia,82
TB,1998,2000,anoxia,222
TB,2001,2001,anoxia,24
TB,2001,2002,anoxia,65
TB,2001,2003,anoxia,35
TB,2004,2004,anoxia,50
TB,2004,2005,anoxia,20
TB,2004,2006,anoxia,12
TB,2007,2007,anoxia,169
TB,2007,2008,anoxia,28
TB,2007,2009,anoxia,48
TB,2010,2010,anoxia,53
TB,2010,2011,anoxia,75
TB,2010,2012,anoxia,10
TB,2013,2013,anoxia,86
TB,2013,2014,anoxia,181
TB,2013,2015,anoxia,65
TB,2016,2016,anoxia,25
TB,2016,2017,anoxia,191
TB,2016,2018,anoxia,163
TB,2019,2019,anoxia,170
TB,2019,2020,anoxia,22
TR,1980,1981,anoxia,294
TR,1980,1982,anoxia,294
TR,1983,1983,anoxia,251
TR,1983,1984,anoxia,270
TR,1983,1985,anoxia,294
TR,1986,1986,anoxia,252
TR,1986,1987,anoxia,281
TR,1986,1988,anoxia,270
TR,1989,1989,anoxia,290
TR,1989,1990,anoxia,288
TR,1989,1991,anoxia,270
TR,1992,1992,anoxia,280
TR,1992,1993,anoxia,278
TR,1992,1994,anoxia,304
TR,1995,1995,anoxia,264
TR,1995,1996,anoxia,232
TR,1995,1997,anoxia,252
TR,1998,1998,anoxia,237
TR,1998,1999,anoxia,264
TR,1998,2000,anoxia,305
TR,2001,2001,anoxia,220
TR,2001,2002,anoxia,254
TR,2001,2003,anoxia,217
TR,2004,2004,anoxia,288
TR,2004,2005,anoxia,250
TR,2004,2006,anoxia,276
TR,2007,2007,anoxia,297
TR,2007,2008,anoxia,269
TR,2007,2009,anoxia,286
TR,2010,2010,anoxia,284
TR,2010,2011,anoxia,278
TR,2010,2012,anoxia,276
TR,2013,2013,anoxia,303
TR,2013,2014,anoxia,296
TR,2013,2015,anoxia,267
TR,2016,2016,anoxia,301
TR,2016,2017,anoxia,251
TR,2016,2018,anoxia,277
TR,2019,2019,anoxia,283
TR,2019,2020,anoxia,219
WI,1995,1996,anoxia,136
WI,1995,1997,anoxia,175
WI,1998,1998,anoxia,188
WI,1998,1999,anoxia,229
WI,1998,2000,anoxia,227
WI,2001,2001,anoxia,184
WI,2001,2002,anoxia,212
WI,2001,2003,anoxia,219
WI,2004,2004,anoxia,191
WI,2004,2005,anoxia,40
WI,2004,2006,anoxia,165
WI,2007,2007,anoxia,67
WI,2007,2008,anoxia,49
WI,2007,2009,anoxia,202
WI,2010,2010,anoxia,217
WI,2010,2011,anoxia,179
WI,2010,2012,anoxia,206
WI,2013,2013,anoxia,191
WI,2013,2014,anoxia,175
WI,2013,2015,anoxia,251
WI,2016,2016,anoxia,216
WI,2016,2017,anoxia,233
WI,2016,2018,anoxia,179
WI,2019,2019,anoxia,192
WI,2019,2020,anoxia,219
AL,1980,1982,daphnia,217
AL,1983,1983,daphnia,227
AL,1983,1984,daphnia,227
AL,1983,1985,daphnia,231
AL,1986,1986,daphnia,62
AL,1986,1987,daphnia,225
AL,1986,1988,daphnia,307
AL,1989,1989,daphnia,313
AL,1989,1990,daphnia,120
AL,1989,1991,daphnia,50
AL,1992,1992,daphnia,311
AL,1992,1993,daphnia,155
AL,1992,1994,daphnia,164
AL,1995,1995,daphnia,233
AL,1995,1996,daphnia,221
AL,1995,1997,daphnia,167
AL,1998,1998,daphnia,168
AL,1998,1999,daphnia,56
AL,1998,2000,daphnia,320
AL,2001,2001,daphnia,318
AL,2001,2002,daphnia,226
AL,2001,2003,daphnia,204
AL,2004,2004,daphnia,285
AL,2004,2005,daphnia,136
AL,2004,2006,daphnia,277
AL,2007,2007,daphnia,197
AL,2007,2008,daphnia,238
AL,2007,2009,daphnia,313
AL,2010,2010,daphnia,314
AL,2010,2011,daphnia,262
AL,2010,2012,daphnia,314
AL,2013,2013,daphnia,56
AL,2013,2014,daphnia,307
AL,2013,2015,daphnia,139
AL,2016,2016,daphnia,285
AL,2016,2017,daphnia,136
AL,2016,2018,daphnia,275
AL,2019,2019,daphnia,154
BM,1980,1981,daphnia,168
BM,1980,1982,daphnia,145
BM,1983,1983,daphnia,332
BM,1983,1984,daphnia,310
BM,1983,1985,daphnia,150
BM,1986,1986,daphnia,309
BM,1986,1987,daphnia,308
BM,1986,1988,daphnia,132
BM,1989,1989,daphnia,151
BM,1989,1990,daphnia,318
BM,1989,1991,daphnia,302
BM,1992,1992,daphnia,316
BM,1992,1993,daphnia,166
BM,1992,1994,daphnia,318
BM,1995,1995,daphnia,352
BM,1995,1996,daphnia,311
BM,1995,1997,daphnia,168
BM,1998,1998,daphnia,306
BM,1998,1999,daphnia,55
BM,1998,2000,daphnia,319
BM,2001,2001,daphnia,316
BM,2001,2002,daphnia,140
BM,2001,2003,daphnia,150
BM,2004,2004,daphnia,257
BM,2004,2005,daphnia,315
BM,2004,2006,daphnia,139
BM,2007,2007,daphnia,281
BM,2007,2008,daphnia,155
BM,2007,2009,daphnia,146
BM,2010,2010,daphnia,130
BM,2010,2011,daphnia,125
BM,2010,2012,daphnia,121
BM,2013,2013,daphnia,318
BM,2013,2014,daphnia,167
BM,2013,2015,daphnia,139
BM,2016,2016,daphnia,144
BM,2016,2017,daphnia,109
BM,2016,2018,daphnia,164
BM,2019,2019,daphnia,154
CB,1980,1981,daphnia,211
CB,1980,1982,daphnia,231
CB,1983,1983,daphnia,272
CB,1983,1984,daphnia,213
CB,1983,1985,daphnia,252
CB,1986,1986,daphnia,195
CB,1986,1987,daphnia,154
CB,1986,1988,daphnia,174
CB,1989,1989,daphnia,165
CB,1989,1990,daphnia,162
CB,1989,1991,daphnia,168
CB,1992,1992,daphnia,207
CB,1992,1993,daphnia,166
CB,1992,1994,daphnia,165
CB,1995,1996,daphnia,310
CB,1995,1997,daphnia,238
CB,1998,1998,daphnia,222
CB,1998,1999,daphnia,181
CB,1998,2000,daphnia,166
CB,2001,2001,daphnia,192
CB,2001,2002,daphnia,169
CB,2001,2003,daphnia,203
CB,2004,2004,daphnia,287
CB,2004,2005,daphnia,221
CB,2004,2006,daphnia,193
CB,2007,2007,daphnia,169
CB,2007,2008,daphnia,311
CB,2007,2009,daphnia,259
CB,2010,2010,daphnia,187
CB,2010,2011,daphnia,292
CB,2010,2012,daphnia,291
CB,2013,2013,daphnia,248
CB,2013,2014,daphnia,253
CB,2013,2015,daphnia,195
CB,2016,2016,daphnia,286
CB,2016,2017,daphnia,276
CB,2016,2018,daphnia,276
CB,2019,2019,daphnia,211
CR,1980,1981,daphnia,167
CR,1980,1982,daphnia,215
CR,1983,1983,daphnia,157
CR,1983,1984,daphnia,5
CR,1983,1985,daphnia,234
CR,1986,1986,daphnia,198
CR,1986,1987,daphnia,322
CR,1986,1988,daphnia,19
CR,1989,1989,daphnia,236
CR,1989,1990,daphnia,318
CR,1989,1991,daphnia,227
CR,1992,1992,daphnia,223
CR,1992,1993,daphnia,7
CR,1992,1994,daphnia,250
CR,1995,1995,daphnia,222
CR,1995,1996,daphnia,310
CR,1995,1997,daphnia,237
CR,1998,1998,daphnia,224
CR,1998,1999,daphnia,293
CR,1998,2000,daphnia,234
CR,2001,2001,daphnia,221
CR,2001,2002,daphnia,227
CR,2001,2003,daphnia,261
CR,2004,2004,daphnia,258
CR,2004,2005,daphnia,280
CR,2004,2006,daphnia,222
CR,2007,2007,daphnia,284
CR,2007,2008,daphnia,212
CR,2007,2009,daphnia,204
CR,2010,2010,daphnia,273
CR,2010,2011,daphnia,195
CR,2010,2012,daphnia,180
CR,2013,2013,daphnia,205
CR,2013,2014,daphnia,198
CR,2013,2015,daphnia,222
CR,2016,2016,daphnia,230
CR,2016,2017,daphnia,317
CR,2016,2018,daphnia,220
CR,2019,2019,daphnia,212
FI,1995,1997,daphnia,175
FI,1998,1999,daphnia,160
FI,1998,2000,daphnia,131
FI,2001,2002,daphnia,268
FI,2001,2003,daphnia,27
FI,2007,2007,daphnia,221
FI,2007,2008,daphnia,220
FI,2007,2009,daphnia,112
FI,2010,2010,daphnia,302
FI,2010,2011,daphnia,307
FI,2010,2012,daphnia,307
FI,2013,2013,daphnia,164
FI,2013,2014,daphnia,162
FI,2013,2015,daphnia,308
FI,2016,2016,daphnia,158
FI,2016,2017,daphnia,110
FI,2016,2018,daphnia,164
ME,1995,1995,daphnia,157
ME,1995,1996,daphnia,135
ME,1995,1997,daphnia,133
ME,1998,1998,daphnia,187
ME,1998,1999,daphnia,88
ME,1998,2000,daphnia,130
ME,2001,2001,daphnia,127
ME,2001,2002,daphnia,182
ME,2001,2003,daphnia,104
ME,2004,2004,daphnia,131
ME,2004,2005,daphnia,157
ME,2004,2006,daphnia,331
ME,2007,2007,daphnia,120
ME,2007,2008,daphnia,161
ME,2007,2009,daphnia,131
ME,2010,2010,daphnia,172
ME,2010,2011,daphnia,151
ME,2010,2012,daphnia,122
ME,2013,2013,daphnia,148
ME,2013,2014,daphnia,160
ME,2013,2015,daphnia,159
ME,2016,2016,daphnia,132
ME,2016,2017,daphnia,163
ME,2016,2018,daphnia,162
MO,1995,1995,daphnia,298
MO,1995,1996,daphnia,122
MO,1995,1997,daphnia,176
MO,1998,1998,daphnia,117
MO,1998,1999,daphnia,116
MO,1998,2000,daphnia,143
MO,2001,2001,daphnia,129
MO,2001,2002,daphnia,170
MO,2001,2003,daphnia,147
MO,2004,2004,daphnia,120
MO,2004,2005,daphnia,108
MO,2004,2006,daphnia,136
MO,2007,2007,daphnia,176
MO,2007,2008,daphnia,149
MO,2007,2009,daphnia,131
MO,2010,2010,daphnia,145
MO,2010,2011,daphnia,137
MO,2010,2012,daphnia,109
MO,2013,2013,daphnia,149
MO,2013,2014,daphnia,148
MO,2013,2015,daphnia,133
MO,2016,2016,daphnia,144
MO,2016,2017,daphnia,124
MO,2016,2018,daphnia,135
SP,1980,1981,daphnia,197
SP,1980,1982,daphnia,314
SP,1983,1983,daphnia,306
SP,1983,1984,daphnia,213
SP,1983,1985,daphnia,161
SP,1986,1986,daphnia,294
SP,1986,1987,daphnia,306
SP,1986,1988,daphnia,145
SP,1989,1989,daphnia,12
SP,1989,1990,daphnia,50
SP,1989,1991,daphnia,240
SP,1992,1992,daphnia,314
SP,1992,1993,daphnia,235
SP,1992,1994,daphnia,236
SP,1995,1995,daphnia,234
SP,1995,1996,daphnia,221
SP,1995,1997,daphnia,48
SP,1998,1998,daphnia,224
SP,1998,1999,daphnia,314
SP,1998,2000,daphnia,321
SP,2001,2001,daphnia,22
SP,2001,2002,daphnia,241
SP,2001,2003,daphnia,274
SP,2004,2004,daphnia,188
SP,2004,2005,daphnia,319
SP,2004,2006,daphnia,221
SP,2007,2007,daphnia,283
SP,2007,2008,daphnia,183
SP,2007,2009,daphnia,287
SP,2010,2010,daphnia,315
SP,2010,2011,daphnia,45
SP,2010,2012,daphnia,207
SP,2013,2013,daphnia,275
SP,2013,2014,daphnia,314
SP,2013,2015,daphnia,55
SP,2016,2016,daphnia,321
SP,2016,2017,daphnia,275
SP,2016,2018,daphnia,316
SP,2019,2019,daphnia,266
TB,1980,1982,daphnia,231
TB,1983,1983,daphnia,129
TB,1983,1984,daphnia,171
TB,1983,1985,daphnia,233
TB,1986,1986,daphnia,167
TB,1986,1987,daphnia,224
TB,1986,1988,daphnia,272
TB,1989,1989,daphnia,220
TB,1989,1990,daphnia,234
TB,1989,1991,daphnia,238
TB,1992,1992,daphnia,167
TB,1992,1993,daphnia,235
TB,1992,1994,daphnia,234
TB,1995,1995,daphnia,233
TB,1995,1996,daphnia,219
TB,1995,1997,daphnia,237
TB,1998,1998,daphnia,222
TB,1998,1999,daphnia,182
TB,1998,2000,daphnia,154
TB,2001,2001,daphnia,176
TB,2001,2002,daphnia,224
TB,2001,2003,daphnia,175
TB,2004,2004,daphnia,286
TB,2004,2005,daphnia,192
TB,2004,2006,daphnia,305
TB,2007,2007,daphnia,169
TB,2007,2008,daphnia,182
TB,2007,2009,daphnia,202
TB,2010,2010,daphnia,188
TB,2010,2011,daphnia,206
TB,2010,2012,daphnia,151
TB,2013,2013,daphnia,218
TB,2013,2014,daphnia,223
TB,2013,2015,daphnia,168
TB,2016,2016,daphnia,229
TB,2016,2017,daphnia,166
TB,2016,2018,daphnia,274
TB,2019,2019,daphnia,155
TR,1980,1981,daphnia,183
TR,1980,1982,daphnia,254
TR,1983,1983,daphnia,227
TR,1983,1984,daphnia,187
TR,1983,1985,daphnia,177
TR,1986,1986,daphnia,279
TR,1986,1987,daphnia,181
TR,1986,1988,daphnia,214
TR,1989,1989,daphnia,248
TR,1989,1990,daphnia,232
TR,1989,1991,daphnia,240
TR,1992,1992,daphnia,168
TR,1992,1993,daphnia,237
TR,1992,1994,daphnia,165
TR,1995,1995,daphnia,165
TR,1995,1996,daphnia,312
TR,1995,1997,daphnia,168
TR,1998,1998,daphnia,225
TR,1998,1999,daphnia,180
TR,1998,2000,daphnia,152
TR,2001,2001,daphnia,165
TR,2001,2002,daphnia,196
TR,2001,2003,daphnia,175
TR,2004,2004,daphnia,265
TR,2004,2005,daphnia,167
TR,2004,2006,daphnia,191
TR,2007,2007,daphnia,171
TR,2007,2008,daphnia,185
TR,2007,2009,daphnia,175
TR,2010,2010,daphnia,160
TR,2010,2011,daphnia,209
TR,2010,2012,daphnia,152
TR,2013,2013,daphnia,190
TR,2013,2014,daphnia,254
TR,2013,2015,daphnia,322
TR,2016,2016,daphnia,147
TR,2016,2017,daphnia,167
TR,2016,2018,daphnia,193
TR,2019,2019,daphnia,184
WI,2007,2007,daphnia,248
WI,2007,2008,daphnia,219
WI,2007,2009,daphnia,162
WI,2010,2010,daphnia,104
WI,2010,2011,daphnia,305
WI,2010,2012,daphnia,109
WI,2013,2013,daphnia,163
WI,2013,2014,daphnia,163
WI,2013,2015,daphnia,313
WI,2016,2016,daphnia,161
WI,2016,2017,daphnia,165
WI,2016,2018,daphnia,165
AL,1983,1983,clearwater,201
AL,1983,1984,clearwater,173
AL,1983,1985,clearwater,192
AL,1986,1986,clearwater,169
AL,1986,1987,clearwater,208
AL,1986,1988,clearwater,159
AL,1989,1989,clearwater,149
AL,1989,1990,clearwater,150
AL,1989,1991,clearwater,141
AL,1992,1992,clearwater,153
AL,1992,1993,clearwater,155
AL,1992,1994,clearwater,164
AL,1995,1995,clearwater,191
AL,1995,1996,clearwater,247
AL,1995,1997,clearwater,212
AL,1998,1998,clearwater,168
AL,1998,1999,clearwater,209
AL,1998,2000,clearwater,125
AL,2001,2001,clearwater,149
AL,2001,2002,clearwater,238
AL,2001,2003,clearwater,149
AL,2004,2004,clearwater,145
AL,2004,2005,clearwater,151
AL,2004,2006,clearwater,150
AL,2007,2007,clearwater,141
AL,2007,2008,clearwater,154
AL,2007,2009,clearwater,159
AL,2010,2010,clearwater,117
AL,2010,2011,clearwater,178
AL,2010,2012,clearwater,135
AL,2013,2013,clearwater,161
AL,2013,2014,clearwater,168
AL,2013,2015,clearwater,125
AL,2016,2016,clearwater,158
AL,2016,2017,clearwater,123
AL,2016,2018,clearwater,176
AL,2019,2019,clearwater,169
BM,1980,1982,clearwater,172
BM,1983,1983,clearwater,157
BM,1983,1984,clearwater,172
BM,1983,1985,clearwater,150
BM,1986,1986,clearwater,139
BM,1986,1987,clearwater,141
BM,1986,1988,clearwater,146
BM,1989,1989,clearwater,151
BM,1989,1990,clearwater,151
BM,1989,1991,clearwater,156
BM,1992,1992,clearwater,155
BM,1992,1993,clearwater,153
BM,1992,1994,clearwater,164
BM,1995,1995,clearwater,164
BM,1995,1996,clearwater,205
BM,1995,1997,clearwater,168
BM,1998,1998,clearwater,124
BM,1998,1999,clearwater,138
BM,1998,2000,clearwater,151
BM,2001,2001,clearwater,151
BM,2001,2002,clearwater,211
BM,2001,2003,clearwater,160
BM,2004,2004,clearwater,160
BM,2004,2005,clearwater,151
BM,2004,2006,clearwater,139
BM,2007,2007,clearwater,115
BM,2007,2008,clearwater,175
BM,2007,2009,clearwater,174
BM,2010,2010,clearwater,145
BM,2010,2011,clearwater,165
BM,2010,2012,clearwater,121
BM,2013,2013,clearwater,175
BM,2013,2014,clearwater,167
BM,2013,2015,clearwater,139
BM,2016,2016,clearwater,130
BM,2016,2017,clearwater,136
BM,2016,2018,clearwater,204
BM,2019,2019,clearwater,154
ME,1995,1995,clearwater,157
ME,1995,1996,clearwater,125
ME,1995,1997,clearwater,133
ME,1998,1998,clearwater,131
ME,1998,1999,clearwater,116
ME,1998,2000,clearwater,116
ME,2001,2001,clearwater,127
ME,2001,2002,clearwater,140
ME,2001,2003,clearwater,133
ME,2004,2004,clearwater,131
ME,2004,2005,clearwater,129
ME,2004,2006,clearwater,94
ME,2007,2007,clearwater,134
ME,2007,2008,clearwater,149
ME,2007,2009,clearwater,160
ME,2010,2010,clearwater,144
ME,2010,2011,clearwater,164
ME,2010,2012,clearwater,122
ME,2013,2013,clearwater,161
ME,2013,2014,clearwater,160
ME,2013,2015,clearwater,159
ME,2016,2016,clearwater,132
ME,2016,2017,clearwater,150
ME,2016,2018,clearwater,162
ME,2019,2019,clearwater,148
MO,1995,1995,clearwater,143
MO,1995,1996,clearwater,162
MO,1995,1997,clearwater,111
MO,1998,1998,clearwater,131
MO,1998,1999,clearwater,120
MO,1998,2000,clearwater,116
MO,2001,2001,clearwater,129
MO,2001,2002,clearwater,141
MO,2001,2003,clearwater,147
MO,2004,2004,clearwater,132
MO,2004,2005,clearwater,130
MO,2004,2006,clearwater,123
MO,2007,2007,clearwater,141
MO,2007,2008,clearwater,135
MO,2007,2009,clearwater,148
MO,2010,2010,clearwater,145
MO,2010,2011,clearwater,137
MO,2010,2012,clearwater,124
MO,2013,2013,clearwater,135
MO,2013,2014,clearwater,135
MO,2013,2015,clearwater,133
MO,2016,2016,clearwater,144
MO,2016,2017,clearwater,124
MO,2016,2018,clearwater,135
MO,2019,2019,clearwater,149
AL,1980,1981,iceon,NA
AL,1980,1982,iceon,343
AL,1983,1983,iceon,326
AL,1983,1984,iceon,332
AL,1983,1985,iceon,314
AL,1986,1986,iceon,329
AL,1986,1987,iceon,318
AL,1986,1988,iceon,327
AL,1989,1989,iceon,335
AL,1989,1990,iceon,326
AL,1989,1991,iceon,337
AL,1992,1992,iceon,312
AL,1992,1993,iceon,321
AL,1992,1994,iceon,333
AL,1995,1995,iceon,330
AL,1995,1996,iceon,313
AL,1995,1997,iceon,319
AL,1998,1998,iceon,321
AL,1998,1999,iceon,345
AL,1998,2000,iceon,335
AL,2001,2001,iceon,325
AL,2001,2002,iceon,345
AL,2001,2003,iceon,322
AL,2004,2004,iceon,332
AL,2004,2005,iceon,348
AL,2004,2006,iceon,329
AL,2007,2007,iceon,335
AL,2007,2008,iceon,327
AL,2007,2009,iceon,330
AL,2010,2010,iceon,341
AL,2010,2011,iceon,331
AL,2010,2012,iceon,334
AL,2013,2013,iceon,342
AL,2013,2014,iceon,323
AL,2013,2015,iceon,325
AL,2016,2016,iceon,334
AL,2016,2017,iceon,347
AL,2016,2018,iceon,324
AL,2019,2019,iceon,320
BM,1980,1981,iceon,NA
BM,1980,1982,iceon,349
BM,1983,1983,iceon,341
BM,1983,1984,iceon,337
BM,1983,1985,iceon,326
BM,1986,1986,iceon,329
BM,1986,1987,iceon,322
BM,1986,1988,iceon,337
BM,1989,1989,iceon,336
BM,1989,1990,iceon,326
BM,1989,1991,iceon,339
BM,1992,1992,iceon,331
BM,1992,1993,iceon,335
BM,1992,1994,iceon,335
BM,1995,1995,iceon,343
BM,1995,1996,iceon,317
BM,1995,1997,iceon,330
BM,1998,1998,iceon,328
BM,1998,1999,iceon,357
BM,1998,2000,iceon,351
BM,2001,2001,iceon,339
BM,2001,2002,iceon,360
BM,2001,2003,iceon,331
BM,2004,2004,iceon,337
BM,2004,2005,iceon,352
BM,2004,2006,iceon,337
BM,2007,2007,iceon,339
BM,2007,2008,iceon,337
BM,2007,2009,iceon,338
BM,2010,2010,iceon,341
BM,2010,2011,iceon,340
BM,2010,2012,iceon,339
BM,2013,2013,iceon,346
BM,2013,2014,iceon,331
BM,2013,2015,iceon,325
BM,2016,2016,iceon,362
BM,2016,2017,iceon,347
BM,2016,2018,iceon,345
BM,2019,2019,iceon,323
CB,1980,1981,iceon,NA
CB,1980,1982,iceon,327
CB,1983,1983,iceon,326
CB,1983,1984,iceon,318
CB,1983,1985,iceon,311
CB,1986,1986,iceon,315
CB,1986,1987,iceon,314
CB,1986,1988,iceon,327
CB,1989,1989,iceon,323
CB,1989,1990,iceon,317
CB,1989,1991,iceon,330
CB,1992,1992,iceon,308
CB,1992,1993,iceon,311
CB,1992,1994,iceon,312
CB,1995,1995,iceon,327
CB,1995,1996,iceon,311
CB,1995,1997,iceon,316
CB,1998,1998,iceon,315
CB,1998,1999,iceon,342
CB,1998,2000,iceon,331
CB,2001,2001,iceon,322
CB,2001,2002,iceon,341
CB,2001,2003,iceon,318
CB,2004,2004,iceon,310
CB,2004,2005,iceon,327
CB,2004,2006,iceon,321
CB,2007,2007,iceon,334
CB,2007,2008,iceon,320
CB,2007,2009,iceon,322
CB,2010,2010,iceon,335
CB,2010,2011,iceon,326
CB,2010,2012,iceon,322
CB,2013,2013,iceon,331
CB,2013,2014,iceon,323
CB,2013,2015,iceon,314
CB,2016,2016,iceon,327
CB,2016,2017,iceon,340
CB,2016,2018,iceon,311
CB,2019,2019,iceon,313
CR,1980,1981,iceon,NA
CR,1980,1982,iceon,345
CR,1983,1983,iceon,341
CR,1983,1984,iceon,337
CR,1983,1985,iceon,336
CR,1986,1986,iceon,329
CR,1986,1987,iceon,323
CR,1986,1988,iceon,337
CR,1989,1989,iceon,336
CR,1989,1990,iceon,326
CR,1989,1991,iceon,337
CR,1992,1992,iceon,331
CR,1992,1993,iceon,335
CR,1992,1994,iceon,335
CR,1995,1995,iceon,336
CR,1995,1996,iceon,328
CR,1995,1997,iceon,330
CR,1998,1998,iceon,328
CR,1998,1999,iceon,355
CR,1998,2000,iceon,351
CR,2001,2001,iceon,339
CR,2001,2002,iceon,360
CR,2001,2003,iceon,331
CR,2004,2004,iceon,337
CR,2004,2005,iceon,352
CR,2004,2006,iceon,337
CR,2007,2007,iceon,339
CR,2007,2008,iceon,337
CR,2007,2009,iceon,336
CR,2010,2010,iceon,345
CR,2010,2011,iceon,338
CR,2010,2012,iceon,339
CR,2013,2013,iceon,345
CR,2013,2014,iceon,331
CR,2013,2015,iceon,325
CR,2016,2016,iceon,362
CR,2016,2017,iceon,347
CR,2016,2018,iceon,345
CR,2019,2019,iceon,323
SP,1980,1981,iceon,NA
SP,1980,1982,iceon,345
SP,1983,1983,iceon,341
SP,1983,1984,iceon,337
SP,1983,1985,iceon,339
SP,1986,1986,iceon,329
SP,1986,1987,iceon,335
SP,1986,1988,iceon,337
SP,1989,1989,iceon,336
SP,1989,1990,iceon,331
SP,1989,1991,iceon,337
SP,1992,1992,iceon,333
SP,1992,1993,iceon,335
SP,1992,1994,iceon,334
SP,1995,1995,iceon,343
SP,1995,1996,iceon,328
SP,1995,1997,iceon,330
SP,1998,1998,iceon,356
SP,1998,1999,iceon,356
SP,1998,2000,iceon,351
SP,2001,2001,iceon,339
SP,2001,2002,iceon,360
SP,2001,2003,iceon,331
SP,2004,2004,iceon,337
SP,2004,2005,iceon,352
SP,2004,2006,iceon,337
SP,2007,2007,iceon,357
SP,2007,2008,iceon,337
SP,2007,2009,iceon,339
SP,2010,2010,iceon,345
SP,2010,2011,iceon,341
SP,2010,2012,iceon,340
SP,2013,2013,iceon,346
SP,2013,2014,iceon,331
SP,2013,2015,iceon,325
SP,2016,2016,iceon,362
SP,2016,2017,iceon,347
SP,2016,2018,iceon,345
SP,2019,2019,iceon,341
TB,1980,1981,iceon,NA
TB,1980,1982,iceon,328
TB,1983,1983,iceon,326
TB,1983,1984,iceon,318
TB,1983,1985,iceon,317
TB,1986,1986,iceon,318
TB,1986,1987,iceon,315
TB,1986,1988,iceon,327
TB,1989,1989,iceon,323
TB,1989,1990,iceon,318
TB,1989,1991,iceon,330
TB,1992,1992,iceon,308
TB,1992,1993,iceon,318
TB,1992,1994,iceon,312
TB,1995,1995,iceon,330
TB,1995,1996,iceon,313
TB,1995,1997,iceon,316
TB,1998,1998,iceon,317
TB,1998,1999,iceon,342
TB,1998,2000,iceon,331
TB,2001,2001,iceon,325
TB,2001,2002,iceon,341
TB,2001,2003,iceon,318
TB,2004,2004,iceon,314
TB,2004,2005,iceon,329
TB,2004,2006,iceon,326
TB,2007,2007,iceon,334
TB,2007,2008,iceon,320
TB,2007,2009,iceon,324
TB,2010,2010,iceon,335
TB,2010,2011,iceon,331
TB,2010,2012,iceon,322
TB,2013,2013,iceon,331
TB,2013,2014,iceon,323
TB,2013,2015,iceon,314
TB,2016,2016,iceon,327
TB,2016,2017,iceon,340
TB,2016,2018,iceon,314
TB,2019,2019,iceon,313
TR,1980,1981,iceon,NA
TR,1980,1982,iceon,354
TR,1983,1983,iceon,347
TR,1983,1984,iceon,337
TR,1983,1985,iceon,353
TR,1986,1986,iceon,338
TR,1986,1987,iceon,341
TR,1986,1988,iceon,356
TR,1989,1989,iceon,347
TR,1989,1990,iceon,335
TR,1989,1991,iceon,348
TR,1992,1992,iceon,336
TR,1992,1993,iceon,344
TR,1992,1994,iceon,334
TR,1995,1995,iceon,346
TR,1995,1996,iceon,333
TR,1995,1997,iceon,332
TR,1998,1998,iceon,356
TR,1998,1999,iceon,362
TR,1998,2000,iceon,354
TR,2001,2001,iceon,342
TR,2001,2002,iceon,365
TR,2001,2003,iceon,337
TR,2004,2004,iceon,337
TR,2004,2005,iceon,352
TR,2004,2006,iceon,342
TR,2007,2007,iceon,360
TR,2007,2008,iceon,344
TR,2007,2009,iceon,343
TR,2010,2010,iceon,351
TR,2010,2011,iceon,343
TR,2010,2012,iceon,368
TR,2013,2013,iceon,355
TR,2013,2014,iceon,342
TR,2013,2015,iceon,332
TR,2016,2016,iceon,369
TR,2016,2017,iceon,351
TR,2016,2018,iceon,348
TR,2019,2019,iceon,341
ME,1977,1979,iceon,363
ME,1980,1980,iceon,355
ME,1980,1981,iceon,362
ME,1980,1982,iceon,378
ME,1983,1983,iceon,353
ME,1983,1984,iceon,360
ME,1983,1985,iceon,348
ME,1986,1986,iceon,347
ME,1986,1987,iceon,367
ME,1986,1988,iceon,364
ME,1989,1989,iceon,346
ME,1989,1990,iceon,360
ME,1989,1991,iceon,352
ME,1992,1992,iceon,359
ME,1992,1993,iceon,361
ME,1992,1994,iceon,371
ME,1995,1995,iceon,344
ME,1995,1996,iceon,355
ME,1995,1997,iceon,376
ME,1998,1998,iceon,364
ME,1998,1999,iceon,379
ME,1998,2000,iceon,348
ME,2001,2001,iceon,367
ME,2001,2002,iceon,369
ME,2001,2003,iceon,372
ME,2004,2004,iceon,360
ME,2004,2005,iceon,353
ME,2004,2006,iceon,385
ME,2007,2007,iceon,360
ME,2007,2008,iceon,351
ME,2007,2009,iceon,363
ME,2010,2010,iceon,349
ME,2010,2011,iceon,379
ME,2010,2012,iceon,379
ME,2013,2013,iceon,350
ME,2013,2014,iceon,367
ME,2013,2015,iceon,376
ME,2016,2016,iceon,366
ME,2016,2017,iceon,361
ME,2016,2018,iceon,349
MO,1977,1979,iceon,351
MO,1980,1980,iceon,355
MO,1980,1981,iceon,354
MO,1980,1982,iceon,374
MO,1983,1983,iceon,352
MO,1983,1984,iceon,359
MO,1983,1985,iceon,340
MO,1986,1986,iceon,347
MO,1986,1987,iceon,359
MO,1986,1988,iceon,364
MO,1989,1989,iceon,341
MO,1989,1990,iceon,357
MO,1989,1991,iceon,350
MO,1992,1992,iceon,359
MO,1992,1993,iceon,360
MO,1992,1994,iceon,370
MO,1995,1995,iceon,333
MO,1995,1996,iceon,355
MO,1995,1997,iceon,376
MO,1998,1998,iceon,364
MO,1998,1999,iceon,379
MO,1998,2000,iceon,348
MO,2001,2001,iceon,366
MO,2001,2002,iceon,343
MO,2001,2003,iceon,359
MO,2004,2004,iceon,359
MO,2004,2005,iceon,342
MO,2004,2006,iceon,383
MO,2007,2007,iceon,341
MO,2007,2008,iceon,351
MO,2007,2009,iceon,361
MO,2010,2010,iceon,343
MO,2010,2011,iceon,368
MO,2010,2012,iceon,366
MO,2013,2013,iceon,344
MO,2013,2014,iceon,336
MO,2013,2015,iceon,376
MO,2016,2016,iceon,351
MO,2016,2017,iceon,360
MO,2016,2018,iceon,345
WI,1977,1979,iceon,335
WI,1980,1980,iceon,337
WI,1980,1981,iceon,333
WI,1980,1982,iceon,343
WI,1983,1983,iceon,343
WI,1983,1984,iceon,323
WI,1983,1985,iceon,329
WI,1986,1986,iceon,317
WI,1986,1987,iceon,339
WI,1986,1988,iceon,343
WI,1989,1989,iceon,326
WI,1989,1990,iceon,338
WI,1989,1991,iceon,309
WI,1992,1992,iceon,320
WI,1992,1993,iceon,332
WI,1992,1994,iceon,342
WI,1995,1995,iceon,316
WI,1995,1996,iceon,332
WI,1995,1997,iceon,342
WI,1998,1998,iceon,356
WI,1998,1999,iceon,352
WI,1998,2000,iceon,326
WI,2001,2001,iceon,358
WI,2001,2002,iceon,336
WI,2001,2003,iceon,343
WI,2004,2004,iceon,349
WI,2004,2005,iceon,329
WI,2004,2006,iceon,337
WI,2007,2007,iceon,334
WI,2007,2008,iceon,327
WI,2007,2009,iceon,344
WI,2010,2010,iceon,338
WI,2010,2011,iceon,345
WI,2010,2012,iceon,356
WI,2013,2013,iceon,331
WI,2013,2014,iceon,318
WI,2013,2015,iceon,364
WI,2016,2016,iceon,344
WI,2016,2017,iceon,344
WI,2016,2018,iceon,341
AL,1980,1981,iceoff,NA
AL,1980,1982,iceoff,NA
AL,1983,1983,iceoff,116
AL,1983,1984,iceoff,110
AL,1983,1985,iceoff,109
AL,1986,1986,iceoff,101
AL,1986,1987,iceoff,99
AL,1986,1988,iceoff,102
AL,1989,1989,iceoff,114
AL,1989,1990,iceoff,106
AL,1989,1991,iceoff,107
AL,1992,1992,iceoff,118
AL,1992,1993,iceoff,120
AL,1992,1994,iceoff,108
AL,1995,1995,iceoff,112
AL,1995,1996,iceoff,129
AL,1995,1997,iceoff,116
AL,1998,1998,iceoff,98
AL,1998,1999,iceoff,102
AL,1998,2000,iceoff,84
AL,2001,2001,iceoff,110
AL,2001,2002,iceoff,107
AL,2001,2003,iceoff,112
AL,2004,2004,iceoff,107
AL,2004,2005,iceoff,101
AL,2004,2006,iceoff,103
AL,2007,2007,iceoff,99
AL,2007,2008,iceoff,116
AL,2007,2009,iceoff,107
AL,2010,2010,iceoff,88
AL,2010,2011,iceoff,115
AL,2010,2012,iceoff,79
AL,2013,2013,iceoff,128
AL,2013,2014,iceoff,126
AL,2013,2015,iceoff,100
AL,2016,2016,iceoff,107
AL,2016,2017,iceoff,97
AL,2016,2018,iceoff,124
AL,2019,2019,iceoff,113
BM,1980,1981,iceoff,NA
BM,1980,1982,iceoff,120
BM,1983,1983,iceoff,119
BM,1983,1984,iceoff,110
BM,1983,1985,iceoff,112
BM,1986,1986,iceoff,102
BM,1986,1987,iceoff,100
BM,1986,1988,iceoff,106
BM,1989,1989,iceoff,117
BM,1989,1990,iceoff,108
BM,1989,1991,iceoff,109
BM,1992,1992,iceoff,121
BM,1992,1993,iceoff,120
BM,1992,1994,iceoff,108
BM,1995,1995,iceoff,112
BM,1995,1996,iceoff,133
BM,1995,1997,iceoff,118
BM,1998,1998,iceoff,98
BM,1998,1999,iceoff,105
BM,1998,2000,iceoff,93
BM,2001,2001,iceoff,110
BM,2001,2002,iceoff,107
BM,2001,2003,iceoff,115
BM,2004,2004,iceoff,112
BM,2004,2005,iceoff,105
BM,2004,2006,iceoff,104
BM,2007,2007,iceoff,109
BM,2007,2008,iceoff,121
BM,2007,2009,iceoff,107
BM,2010,2010,iceoff,88
BM,2010,2011,iceoff,117
BM,2010,2012,iceoff,79
BM,2013,2013,iceoff,129
BM,2013,2014,iceoff,128
BM,2013,2015,iceoff,104
BM,2016,2016,iceoff,109
BM,2016,2017,iceoff,97
BM,2016,2018,iceoff,124
BM,2019,2019,iceoff,116
CB,1980,1981,iceoff,NA
CB,1980,1982,iceoff,118
CB,1983,1983,iceoff,116
CB,1983,1984,iceoff,100
CB,1983,1985,iceoff,112
CB,1986,1986,iceoff,101
CB,1986,1987,iceoff,99
CB,1986,1988,iceoff,NA
CB,1989,1989,iceoff,111
CB,1989,1990,iceoff,103
CB,1989,1991,iceoff,102
CB,1992,1992,iceoff,115
CB,1992,1993,iceoff,116
CB,1992,1994,iceoff,106
CB,1995,1995,iceoff,104
CB,1995,1996,iceoff,126
CB,1995,1997,iceoff,115
CB,1998,1998,iceoff,96
CB,1998,1999,iceoff,99
CB,1998,2000,iceoff,84
CB,2001,2001,iceoff,108
CB,2001,2002,iceoff,107
CB,2001,2003,iceoff,104
CB,2004,2004,iceoff,107
CB,2004,2005,iceoff,101
CB,2004,2006,iceoff,101
CB,2007,2007,iceoff,99
CB,2007,2008,iceoff,114
CB,2007,2009,iceoff,107
CB,2010,2010,iceoff,85
CB,2010,2011,iceoff,113
CB,2010,2012,iceoff,79
CB,2013,2013,iceoff,126
CB,2013,2014,iceoff,125
CB,2013,2015,iceoff,100
CB,2016,2016,iceoff,105
CB,2016,2017,iceoff,97
CB,2016,2018,iceoff,123
CB,2019,2019,iceoff,113
CR,1980,1981,iceoff,NA
CR,1980,1982,iceoff,121
CR,1983,1983,iceoff,118
CR,1983,1984,iceoff,110
CR,1983,1985,iceoff,112
CR,1986,1986,iceoff,102
CR,1986,1987,iceoff,98
CR,1986,1988,iceoff,105
CR,1989,1989,iceoff,116
CR,1989,1990,iceoff,103
CR,1989,1991,iceoff,107
CR,1992,1992,iceoff,120
CR,1992,1993,iceoff,120
CR,1992,1994,iceoff,108
CR,1995,1995,iceoff,104
CR,1995,1996,iceoff,131
CR,1995,1997,iceoff,116
CR,1998,1998,iceoff,97
CR,1998,1999,iceoff,104
CR,1998,2000,iceoff,90
CR,2001,2001,iceoff,110
CR,2001,2002,iceoff,107
CR,2001,2003,iceoff,113
CR,2004,2004,iceoff,107
CR,2004,2005,iceoff,103
CR,2004,2006,iceoff,102
CR,2007,2007,iceoff,99
CR,2007,2008,iceoff,120
CR,2007,2009,iceoff,107
CR,2010,2010,iceoff,85
CR,2010,2011,iceoff,117
CR,2010,2012,iceoff,79
CR,2013,2013,iceoff,127
CR,2013,2014,iceoff,126
CR,2013,2015,iceoff,103
CR,2016,2016,iceoff,107
CR,2016,2017,iceoff,97
CR,2016,2018,iceoff,126
CR,2019,2019,iceoff,115
SP,1980,1981,iceoff,NA
SP,1980,1982,iceoff,123
SP,1983,1983,iceoff,119
SP,1983,1984,iceoff,111
SP,1983,1985,iceoff,111
SP,1986,1986,iceoff,101
SP,1986,1987,iceoff,100
SP,1986,1988,iceoff,104
SP,1989,1989,iceoff,114
SP,1989,1990,iceoff,106
SP,1989,1991,iceoff,109
SP,1992,1992,iceoff,121
SP,1992,1993,iceoff,120
SP,1992,1994,iceoff,111
SP,1995,1995,iceoff,114
SP,1995,1996,iceoff,131
SP,1995,1997,iceoff,118
SP,1998,1998,iceoff,98
SP,1998,1999,iceoff,105
SP,1998,2000,iceoff,93
SP,2001,2001,iceoff,112
SP,2001,2002,iceoff,107
SP,2001,2003,iceoff,114
SP,2004,2004,iceoff,107
SP,2004,2005,iceoff,104
SP,2004,2006,iceoff,103
SP,2007,2007,iceoff,103
SP,2007,2008,iceoff,122
SP,2007,2009,iceoff,112
SP,2010,2010,iceoff,89
SP,2010,2011,iceoff,115
SP,2010,2012,iceoff,79
SP,2013,2013,iceoff,129
SP,2013,2014,iceoff,128
SP,2013,2015,iceoff,104
SP,2016,2016,iceoff,107
SP,2016,2017,iceoff,97
SP,2016,2018,iceoff,124
SP,2019,2019,iceoff,120
TB,1980,1981,iceoff,NA
TB,1980,1982,iceoff,121
TB,1983,1983,iceoff,117
TB,1983,1984,iceoff,109
TB,1983,1985,iceoff,112
TB,1986,1986,iceoff,100
TB,1986,1987,iceoff,100
TB,1986,1988,iceoff,104
TB,1989,1989,iceoff,114
TB,1989,1990,iceoff,110
TB,1989,1991,iceoff,108
TB,1992,1992,iceoff,119
TB,1992,1993,iceoff,116
TB,1992,1994,iceoff,108
TB,1995,1995,iceoff,115
TB,1995,1996,iceoff,129
TB,1995,1997,iceoff,118
TB,1998,1998,iceoff,100
TB,1998,1999,iceoff,104
TB,1998,2000,iceoff,94
TB,2001,2001,iceoff,110
TB,2001,2002,iceoff,112
TB,2001,2003,iceoff,112
TB,2004,2004,iceoff,110
TB,2004,2005,iceoff,103
TB,2004,2006,iceoff,102
TB,2007,2007,iceoff,106
TB,2007,2008,iceoff,120
TB,2007,2009,iceoff,110
TB,2010,2010,iceoff,88
TB,2010,2011,iceoff,119
TB,2010,2012,iceoff,83
TB,2013,2013,iceoff,127
TB,2013,2014,iceoff,128
TB,2013,2015,iceoff,100
TB,2016,2016,iceoff,107
TB,2016,2017,iceoff,104
TB,2016,2018,iceoff,124
TB,2019,2019,iceoff,103
TR,1980,1981,iceoff,NA
TR,1980,1982,iceoff,123
TR,1983,1983,iceoff,121
TR,1983,1984,iceoff,116
TR,1983,1985,iceoff,113
TR,1986,1986,iceoff,104
TR,1986,1987,iceoff,105
TR,1986,1988,iceoff,117
TR,1989,1989,iceoff,122
TR,1989,1990,iceoff,110
TR,1989,1991,iceoff,115
TR,1992,1992,iceoff,120
TR,1992,1993,iceoff,126
TR,1992,1994,iceoff,112
TR,1995,1995,iceoff,120
TR,1995,1996,iceoff,137
TR,1995,1997,iceoff,120
TR,1998,1998,iceoff,100
TR,1998,1999,iceoff,112
TR,1998,2000,iceoff,96
TR,2001,2001,iceoff,112
TR,2001,2002,iceoff,113
TR,2001,2003,iceoff,117
TR,2004,2004,iceoff,110
TR,2004,2005,iceoff,105
TR,2004,2006,iceoff,104
TR,2007,2007,iceoff,111
TR,2007,2008,iceoff,123
TR,2007,2009,iceoff,116
TR,2010,2010,iceoff,91
TR,2010,2011,iceoff,119
TR,2010,2012,iceoff,79
TR,2013,2013,iceoff,133
TR,2013,2014,iceoff,129
TR,2013,2015,iceoff,107
TR,2016,2016,iceoff,109
TR,2016,2017,iceoff,104
TR,2016,2018,iceoff,128
TR,2019,2019,iceoff,126
ME,1977,1979,iceoff,97
ME,1980,1980,iceoff,82
ME,1980,1981,iceoff,93
ME,1980,1982,iceoff,67
ME,1983,1983,iceoff,99
ME,1983,1984,iceoff,86
ME,1983,1985,iceoff,90
ME,1986,1986,iceoff,71
ME,1986,1987,iceoff,89
ME,1986,1988,iceoff,95
ME,1989,1989,iceoff,74
ME,1989,1990,iceoff,83
ME,1989,1991,iceoff,86
ME,1992,1992,iceoff,101
ME,1992,1993,iceoff,90
ME,1992,1994,iceoff,80
ME,1995,1995,iceoff,98
ME,1995,1996,iceoff,91
ME,1995,1997,iceoff,58
ME,1998,1998,iceoff,80
ME,1998,1999,iceoff,67
ME,1998,2000,iceoff,97
ME,2001,2001,iceoff,74
ME,2001,2002,iceoff,93
ME,2001,2003,iceoff,87
ME,2004,2004,iceoff,95
ME,2004,2005,iceoff,83
ME,2004,2006,iceoff,86
ME,2007,2007,iceoff,101
ME,2007,2008,iceoff,82
ME,2007,2009,iceoff,85
ME,2010,2010,iceoff,93
ME,2010,2011,iceoff,71
ME,2010,2012,iceoff,101
ME,2013,2013,iceoff,102
ME,2013,2014,iceoff,93
ME,2013,2015,iceoff,73
ME,2016,2016,iceoff,66
ME,2016,2017,iceoff,90
ME,2016,2018,iceoff,90
MO,1977,1979,iceoff,90
MO,1980,1980,iceoff,75
MO,1980,1981,iceoff,89
MO,1980,1982,iceoff,65
MO,1983,1983,iceoff,94
MO,1983,1984,iceoff,85
MO,1983,1985,iceoff,88
MO,1986,1986,iceoff,67
MO,1986,1987,iceoff,85
MO,1986,1988,iceoff,91
MO,1989,1989,iceoff,74
MO,1989,1990,iceoff,80
MO,1989,1991,iceoff,76
MO,1992,1992,iceoff,101
MO,1992,1993,iceoff,90
MO,1992,1994,iceoff,90
MO,1995,1995,iceoff,84
MO,1995,1996,iceoff,85
MO,1995,1997,iceoff,58
MO,1998,1998,iceoff,69
MO,1998,1999,iceoff,66
MO,1998,2000,iceoff,90
MO,2001,2001,iceoff,57
MO,2001,2002,iceoff,81
MO,2001,2003,iceoff,80
MO,2004,2004,iceoff,90
MO,2004,2005,iceoff,71
MO,2004,2006,iceoff,85
MO,2007,2007,iceoff,98
MO,2007,2008,iceoff,83
MO,2007,2009,iceoff,84
MO,2010,2010,iceoff,93
MO,2010,2011,iceoff,72
MO,2010,2012,iceoff,101
MO,2013,2013,iceoff,100
MO,2013,2014,iceoff,92
MO,2013,2015,iceoff,73
MO,2016,2016,iceoff,66
MO,2016,2017,iceoff,88
MO,2016,2018,iceoff,90
WI,1977,1979,iceoff,93
WI,1980,1980,iceoff,73
WI,1980,1981,iceoff,NA
WI,1980,1982,iceoff,65
WI,1983,1983,iceoff,93
WI,1983,1984,iceoff,79
WI,1983,1985,iceoff,88
WI,1986,1986,iceoff,67
WI,1986,1987,iceoff,84
WI,1986,1988,iceoff,88
WI,1989,1989,iceoff,73
WI,1989,1990,iceoff,82
WI,1989,1991,iceoff,68
WI,1992,1992,iceoff,99
WI,1992,1993,iceoff,85
WI,1992,1994,iceoff,76
WI,1995,1995,iceoff,85
WI,1995,1996,iceoff,85
WI,1995,1997,iceoff,57
WI,1998,1998,iceoff,70
WI,1998,1999,iceoff,64
WI,1998,2000,iceoff,95
WI,2001,2001,iceoff,73
WI,2001,2002,iceoff,83
WI,2001,2003,iceoff,76
WI,2004,2004,iceoff,93
WI,2004,2005,iceoff,73
WI,2004,2006,iceoff,84
WI,2007,2007,iceoff,97
WI,2007,2008,iceoff,77
WI,2007,2009,iceoff,85
WI,2010,2010,iceoff,91
WI,2010,2011,iceoff,68
WI,2010,2012,iceoff,99
WI,2013,2013,iceoff,99
WI,2013,2014,iceoff,80
WI,2013,2015,iceoff,68
WI,2016,2016,iceoff,58
WI,2016,2017,iceoff,83
WI,2016,2018,iceoff,87
AL,1980,1981,chla,255
AL,1980,1982,chla,131
AL,1983,1983,chla,272
AL,1983,1984,chla,268
AL,1983,1985,chla,231
AL,1986,1986,chla,295
AL,1986,1987,chla,278
AL,1986,1988,chla,272
AL,1989,1989,chla,121
AL,1989,1990,chla,290
AL,1989,1991,chla,253
AL,1992,1992,chla,265
AL,1992,1993,chla,265
AL,1992,1994,chla,88
AL,1995,1995,chla,11
AL,1995,1996,chla,260
AL,1995,1997,chla,293
AL,1998,1998,chla,75
AL,1998,1999,chla,277
AL,1998,2000,chla,276
AL,2001,2001,chla,121
AL,2001,2002,chla,282
AL,2001,2003,chla,135
AL,2004,2004,chla,299
AL,2004,2005,chla,293
AL,2004,2006,chla,110
AL,2007,2007,chla,281
AL,2007,2008,chla,280
AL,2007,2009,chla,287
AL,2010,2010,chla,256
AL,2010,2011,chla,278
AL,2010,2012,chla,150
AL,2013,2013,chla,303
AL,2013,2014,chla,140
AL,2013,2015,chla,279
AL,2016,2016,chla,285
AL,2016,2017,chla,248
AL,2016,2018,chla,275
BM,1980,1981,chla,223
BM,1980,1982,chla,145
BM,1983,1983,chla,318
BM,1983,1984,chla,289
BM,1983,1985,chla,134
BM,1986,1986,chla,113
BM,1986,1987,chla,308
BM,1986,1988,chla,116
BM,1989,1989,chla,122
BM,1989,1990,chla,23
BM,1989,1991,chla,140
BM,1992,1992,chla,225
BM,1992,1993,chla,264
BM,1992,1994,chla,89
BM,1995,1995,chla,11
BM,1995,1996,chla,149
BM,1995,1997,chla,225
BM,1998,1998,chla,306
BM,1998,1999,chla,294
BM,1998,2000,chla,306
BM,2001,2001,chla,304
BM,2001,2002,chla,266
BM,2001,2003,chla,135
BM,2004,2004,chla,120
BM,2004,2005,chla,112
BM,2004,2006,chla,206
BM,2007,2007,chla,313
BM,2007,2008,chla,280
BM,2007,2009,chla,285
BM,2010,2010,chla,18
BM,2010,2011,chla,14
BM,2010,2012,chla,11
BM,2013,2013,chla,161
BM,2013,2014,chla,140
BM,2013,2015,chla,113
BM,2016,2016,chla,316
BM,2016,2017,chla,290
BM,2016,2018,chla,22
CB,1980,1981,chla,268
CB,1980,1982,chla,279
CB,1983,1983,chla,291
CB,1983,1984,chla,5
CB,1983,1985,chla,150
CB,1986,1986,chla,153
CB,1986,1987,chla,54
CB,1986,1988,chla,20
CB,1989,1989,chla,52
CB,1989,1990,chla,260
CB,1989,1991,chla,81
CB,1992,1992,chla,267
CB,1992,1993,chla,14
CB,1992,1994,chla,223
CB,1995,1995,chla,12
CB,1995,1996,chla,177
CB,1995,1997,chla,13
CB,1998,1998,chla,196
CB,1998,1999,chla,19
CB,1998,2000,chla,235
CB,2001,2001,chla,262
CB,2001,2002,chla,266
CB,2001,2003,chla,216
CB,2004,2004,chla,313
CB,2004,2005,chla,12
CB,2004,2006,chla,12
CB,2007,2007,chla,22
CB,2007,2008,chla,281
CB,2007,2009,chla,230
CB,2010,2010,chla,298
CB,2010,2011,chla,25
CB,2010,2012,chla,95
CB,2013,2013,chla,217
CB,2013,2014,chla,238
CB,2013,2015,chla,238
CB,2016,2016,chla,132
CB,2016,2017,chla,250
CB,2016,2018,chla,151
CR,1980,1981,chla,224
CR,1980,1982,chla,130
CR,1983,1983,chla,157
CR,1983,1984,chla,129
CR,1983,1985,chla,135
CR,1986,1986,chla,307
CR,1986,1987,chla,308
CR,1986,1988,chla,133
CR,1989,1989,chla,18
CR,1989,1990,chla,290
CR,1989,1991,chla,304
CR,1992,1992,chla,282
CR,1992,1993,chla,125
CR,1992,1994,chla,320
CR,1995,1995,chla,305
CR,1995,1996,chla,310
CR,1995,1997,chla,127
CR,1998,1998,chla,14
CR,1998,1999,chla,19
CR,1998,2000,chla,110
CR,2001,2001,chla,19
CR,2001,2002,chla,129
CR,2001,2003,chla,94
CR,2004,2004,chla,314
CR,2004,2005,chla,319
CR,2004,2006,chla,109
CR,2007,2007,chla,298
CR,2007,2008,chla,157
CR,2007,2009,chla,315
CR,2010,2010,chla,314
CR,2010,2011,chla,124
CR,2010,2012,chla,250
CR,2013,2013,chla,233
CR,2013,2014,chla,317
CR,2013,2015,chla,110
CR,2016,2016,chla,132
CR,2016,2017,chla,317
CR,2016,2018,chla,315
SP,1980,1981,chla,336
SP,1980,1982,chla,20
SP,1983,1983,chla,87
SP,1983,1984,chla,130
SP,1983,1985,chla,135
SP,1986,1986,chla,114
SP,1986,1987,chla,55
SP,1986,1988,chla,116
SP,1989,1989,chla,12
SP,1989,1990,chla,17
SP,1989,1991,chla,50
SP,1992,1992,chla,14
SP,1992,1993,chla,13
SP,1992,1994,chla,87
SP,1995,1995,chla,51
SP,1995,1996,chla,135
SP,1995,1997,chla,126
SP,1998,1998,chla,12
SP,1998,1999,chla,314
SP,1998,2000,chla,18
SP,2001,2001,chla,120
SP,2001,2002,chla,142
SP,2001,2003,chla,92
SP,2004,2004,chla,12
SP,2004,2005,chla,19
SP,2004,2006,chla,17
SP,2007,2007,chla,15
SP,2007,2008,chla,17
SP,2007,2009,chla,20
SP,2010,2010,chla,12
SP,2010,2011,chla,18
SP,2010,2012,chla,52
SP,2013,2013,chla,136
SP,2013,2014,chla,139
SP,2013,2015,chla,321
SP,2016,2016,chla,117
SP,2016,2017,chla,107
SP,2016,2018,chla,53
TB,1980,1981,chla,196
TB,1980,1982,chla,334
TB,1983,1983,chla,83
TB,1983,1984,chla,95
TB,1983,1985,chla,15
TB,1986,1986,chla,196
TB,1986,1987,chla,209
TB,1986,1988,chla,83
TB,1989,1989,chla,165
TB,1989,1990,chla,274
TB,1989,1991,chla,51
TB,1992,1992,chla,295
TB,1992,1993,chla,265
TB,1992,1994,chla,192
TB,1995,1995,chla,206
TB,1995,1996,chla,176
TB,1995,1997,chla,267
TB,1998,1998,chla,279
TB,1998,1999,chla,263
TB,1998,2000,chla,264
TB,2001,2001,chla,274
TB,2001,2002,chla,267
TB,2001,2003,chla,92
TB,2004,2004,chla,21
TB,2004,2005,chla,20
TB,2004,2006,chla,12
TB,2007,2007,chla,241
TB,2007,2008,chla,267
TB,2007,2009,chla,118
TB,2010,2010,chla,257
TB,2010,2011,chla,252
TB,2010,2012,chla,234
TB,2013,2013,chla,247
TB,2013,2014,chla,24
TB,2013,2015,chla,253
TB,2016,2016,chla,272
TB,2016,2017,chla,261
TB,2016,2018,chla,87
TR,1980,1981,chla,337
TR,1980,1982,chla,133
TR,1983,1983,chla,334
TR,1983,1984,chla,128
TR,1983,1985,chla,133
TR,1986,1986,chla,322
TR,1986,1987,chla,321
TR,1986,1988,chla,119
TR,1989,1989,chla,123
TR,1989,1990,chla,16
TR,1989,1991,chla,315
TR,1992,1992,chla,140
TR,1992,1993,chla,312
TR,1992,1994,chla,94
TR,1995,1995,chla,306
TR,1995,1996,chla,289
TR,1995,1997,chla,143
TR,1998,1998,chla,16
TR,1998,1999,chla,130
TR,1998,2000,chla,122
TR,2001,2001,chla,122
TR,2001,2002,chla,296
TR,2001,2003,chla,93
TR,2004,2004,chla,147
TR,2004,2005,chla,123
TR,2004,2006,chla,125
TR,2007,2007,chla,116
TR,2007,2008,chla,133
TR,2007,2009,chla,131
TR,2010,2010,chla,256
TR,2010,2011,chla,153
TR,2010,2012,chla,135
TR,2013,2013,chla,136
TR,2013,2014,chla,142
TR,2013,2015,chla,127
TR,2016,2016,chla,301
TR,2016,2017,chla,111
TR,2016,2018,chla,137
FI,1998,1999,chla,243
FI,1998,2000,chla,27
FI,2001,2001,chla,143
FI,2001,2002,chla,100
FI,2004,2005,chla,122
FI,2004,2006,chla,235
FI,2007,2007,chla,264
FI,2007,2008,chla,123
FI,2007,2009,chla,230
FI,2010,2010,chla,50
FI,2010,2011,chla,257
FI,2010,2012,chla,222
FI,2013,2013,chla,255
FI,2013,2014,chla,133
FI,2013,2015,chla,308
FI,2016,2016,chla,245
FI,2016,2017,chla,234
FI,2016,2018,chla,115
ME,1998,1999,chla,214
ME,1998,2000,chla,241
ME,2001,2001,chla,183
ME,2001,2002,chla,87
ME,2004,2005,chla,186
ME,2004,2006,chla,150
ME,2007,2007,chla,106
ME,2007,2008,chla,105
ME,2007,2009,chla,201
ME,2010,2010,chla,88
ME,2010,2011,chla,108
ME,2010,2012,chla,81
ME,2013,2013,chla,203
ME,2013,2014,chla,134
ME,2013,2015,chla,133
ME,2016,2016,chla,116
ME,2016,2017,chla,107
ME,2016,2018,chla,127
MO,1998,1999,chla,242
MO,1998,2000,chla,214
MO,2001,2001,chla,239
MO,2001,2002,chla,100
MO,2004,2005,chla,108
MO,2004,2006,chla,277
MO,2007,2007,chla,93
MO,2007,2008,chla,203
MO,2007,2009,chla,247
MO,2010,2010,chla,102
MO,2010,2011,chla,277
MO,2010,2012,chla,276
MO,2013,2013,chla,127
MO,2013,2014,chla,309
MO,2013,2015,chla,104
MO,2016,2016,chla,117
MO,2016,2017,chla,220
MO,2016,2018,chla,24
WI,1998,1999,chla,215
WI,1998,2000,chla,214
WI,2001,2001,chla,298
WI,2001,2002,chla,85
WI,2004,2005,chla,101
WI,2004,2006,chla,257
WI,2007,2007,chla,93
WI,2007,2008,chla,106
WI,2007,2009,chla,202
WI,2010,2010,chla,229
WI,2010,2011,chla,222
WI,2010,2012,chla,206
WI,2013,2013,chla,203
WI,2013,2014,chla,251
WI,2013,2015,chla,90
WI,2016,2016,chla,306
WI,2016,2017,chla,221
WI,2016,2018,chla,249
AL,1983,1985,doc,231
AL,1986,1986,doc,195.076923076923
AL,1986,1987,doc,176.692307692308
AL,1986,1988,doc,168.214285714286
AL,1989,1989,doc,224.7
AL,1989,1990,doc,152.818181818182
AL,1989,1991,doc,160.272727272727
AL,1992,1992,doc,194.538461538462
AL,1992,1993,doc,188.181818181818
AL,1992,1994,doc,184.571428571429
AL,1995,1995,doc,180.166666666667
AL,1995,1996,doc,133.230769230769
AL,1995,1997,doc,187.846153846154
AL,1998,1998,doc,181.928571428571
AL,1998,1999,doc,169.928571428571
AL,1998,2000,doc,187.857142857143
AL,2001,2001,doc,161.923076923077
AL,2001,2002,doc,153.642857142857
AL,2001,2003,doc,181.4
AL,2004,2004,doc,179.076923076923
AL,2004,2005,doc,170.142857142857
AL,2004,2006,doc,159.714285714286
AL,2007,2007,doc,178.166666666667
AL,2007,2008,doc,162.6
AL,2007,2009,doc,168.846153846154
AL,2010,2010,doc,157.611111111111
AL,2010,2011,doc,128.5
AL,2010,2012,doc,145.846153846154
AL,2013,2013,doc,171.117647058824
AL,2013,2014,doc,166.363636363636
AL,2013,2015,doc,164.769230769231
BM,1983,1985,doc,233
BM,1986,1986,doc,176.090909090909
BM,1986,1987,doc,169.846153846154
BM,1986,1988,doc,199.454545454545
BM,1989,1989,doc,209.333333333333
BM,1989,1990,doc,182.25
BM,1989,1991,doc,166.3
BM,1992,1992,doc,157.923076923077
BM,1992,1993,doc,191.846153846154
BM,1992,1994,doc,158.846153846154
BM,1995,1995,doc,156.928571428571
BM,1995,1996,doc,173.5
BM,1995,1997,doc,174.272727272727
BM,1998,1998,doc,156.866666666667
BM,1998,1999,doc,185.25
BM,1998,2000,doc,188.416666666667
BM,2001,2001,doc,182.083333333333
BM,2001,2002,doc,178.083333333333
BM,2001,2003,doc,194.666666666667
BM,2004,2004,doc,180.666666666667
BM,2004,2005,doc,148.142857142857
BM,2004,2006,doc,176.583333333333
BM,2007,2007,doc,165.083333333333
BM,2007,2008,doc,175.142857142857
BM,2007,2009,doc,161.5
BM,2010,2010,doc,186.928571428571
BM,2010,2011,doc,82.625
BM,2010,2012,doc,188.642857142857
BM,2013,2013,doc,176.923076923077
BM,2013,2014,doc,169.333333333333
BM,2013,2015,doc,165.666666666667
CB,1986,1986,doc,184.866666666667
CB,1986,1987,doc,165.157894736842
CB,1986,1988,doc,174.705882352941
CB,1989,1989,doc,208
CB,1989,1990,doc,157.3125
CB,1989,1991,doc,150.846153846154
CB,1992,1992,doc,196.357142857143
CB,1992,1993,doc,180
CB,1992,1994,doc,163.055555555556
CB,1995,1995,doc,184.95
CB,1995,1996,doc,170.235294117647
CB,1995,1997,doc,183.8
CB,1998,1998,doc,163.352941176471
CB,1998,1999,doc,172.388888888889
CB,1998,2000,doc,174.125
CB,2001,2001,doc,194.733333333333
CB,2001,2002,doc,168.222222222222
CB,2001,2003,doc,181.631578947368
CB,2004,2004,doc,170.166666666667
CB,2004,2005,doc,174.785714285714
CB,2004,2006,doc,164.1875
CB,2007,2007,doc,188
CB,2007,2008,doc,185.736842105263
CB,2007,2009,doc,185.5625
CB,2010,2010,doc,184
CB,2010,2011,doc,133.090909090909
CB,2010,2012,doc,189.8125
CB,2013,2013,doc,177.470588235294
CB,2013,2014,doc,176.3125
CB,2013,2015,doc,166.941176470588
CR,1983,1985,doc,234
CR,1986,1986,doc,186.818181818182
CR,1986,1987,doc,161.769230769231
CR,1986,1988,doc,160.214285714286
CR,1989,1989,doc,221.4
CR,1989,1990,doc,174.272727272727
CR,1989,1991,doc,148.1
CR,1992,1992,doc,177
CR,1992,1993,doc,185.384615384615
CR,1992,1994,doc,171.461538461538
CR,1995,1995,doc,160.857142857143
CR,1995,1996,doc,175.666666666667
CR,1995,1997,doc,176.727272727273
CR,1998,1998,doc,158.461538461538
CR,1998,1999,doc,139.7
CR,1998,2000,doc,174.142857142857
CR,2001,2001,doc,175.363636363636
CR,2001,2002,doc,175.5
CR,2001,2003,doc,174.363636363636
CR,2004,2004,doc,161.545454545455
CR,2004,2005,doc,161.916666666667
CR,2004,2006,doc,162
CR,2007,2007,doc,183.166666666667
CR,2007,2008,doc,164.538461538462
CR,2007,2009,doc,168.769230769231
CR,2010,2010,doc,168.25
CR,2010,2011,doc,133
CR,2010,2012,doc,179.882352941176
CR,2013,2013,doc,178.928571428571
CR,2013,2014,doc,164.818181818182
CR,2013,2015,doc,156.384615384615
FI,1995,1996,doc,159.444444444444
FI,1995,1997,doc,208.833333333333
FI,1998,1998,doc,189.75
FI,1998,1999,doc,207.5
FI,1998,2000,doc,201.357142857143
FI,2001,2001,doc,186.733333333333
FI,2001,2002,doc,205.888888888889
FI,2001,2003,doc,196.666666666667
FI,2004,2004,doc,181
FI,2004,2005,doc,191.1
FI,2004,2006,doc,226.5
FI,2007,2007,doc,231.888888888889
FI,2007,2008,doc,163.7
FI,2007,2009,doc,217.777777777778
FI,2010,2010,doc,172.125
FI,2010,2011,doc,118.25
FI,2010,2012,doc,215.181818181818
FI,2013,2013,doc,202.8
FI,2013,2014,doc,193.777777777778
FI,2013,2015,doc,175.7
ME,1995,1996,doc,203.444444444444
ME,1995,1997,doc,220.714285714286
ME,1998,1998,doc,207.363636363636
ME,1998,1999,doc,211.727272727273
ME,1998,2000,doc,202.916666666667
ME,2001,2001,doc,196.666666666667
ME,2001,2002,doc,187.818181818182
ME,2001,2003,doc,211.363636363636
ME,2004,2004,doc,188.555555555556
ME,2004,2005,doc,166.375
ME,2004,2006,doc,219.222222222222
ME,2007,2007,doc,180.692307692308
ME,2007,2008,doc,188.625
ME,2007,2009,doc,213.166666666667
ME,2010,2010,doc,171.181818181818
ME,2010,2011,doc,141
ME,2010,2012,doc,194.8
ME,2013,2013,doc,202.1
ME,2013,2014,doc,185.8
ME,2013,2015,doc,186.777777777778
MO,1995,1996,doc,178.636363636364
MO,1995,1997,doc,211.9
MO,1998,1998,doc,215.25
MO,1998,1999,doc,212.083333333333
MO,1998,2000,doc,214.285714285714
MO,2001,2001,doc,207.588235294118
MO,2001,2002,doc,204.727272727273
MO,2001,2003,doc,201.166666666667
MO,2004,2004,doc,180
MO,2004,2005,doc,183.333333333333
MO,2004,2006,doc,219
MO,2007,2007,doc,180.785714285714
MO,2007,2008,doc,166
MO,2007,2009,doc,197.333333333333
MO,2010,2010,doc,154.333333333333
MO,2010,2011,doc,101.857142857143
MO,2010,2012,doc,214.666666666667
MO,2013,2013,doc,191.777777777778
MO,2013,2014,doc,203.8
MO,2013,2015,doc,183.5
SP,1983,1985,doc,231
SP,1986,1986,doc,186.545454545455
SP,1986,1987,doc,165.090909090909
SP,1986,1988,doc,170.307692307692
SP,1989,1989,doc,219.25
SP,1989,1990,doc,157
SP,1989,1991,doc,167.2
SP,1992,1992,doc,155.75
SP,1992,1993,doc,165.416666666667
SP,1992,1994,doc,174.857142857143
SP,1995,1995,doc,185
SP,1995,1996,doc,171.2
SP,1995,1997,doc,176.090909090909
SP,1998,1998,doc,179
SP,1998,1999,doc,176
SP,1998,2000,doc,172.230769230769
SP,2001,2001,doc,166.857142857143
SP,2001,2002,doc,184.533333333333
SP,2001,2003,doc,165.692307692308
SP,2004,2004,doc,174.571428571429
SP,2004,2005,doc,174.846153846154
SP,2004,2006,doc,151.846153846154
SP,2007,2007,doc,159.642857142857
SP,2007,2008,doc,174.307692307692
SP,2007,2009,doc,179.533333333333
SP,2010,2010,doc,168.166666666667
SP,2010,2011,doc,135.833333333333
SP,2010,2012,doc,166.857142857143
SP,2013,2013,doc,183.538461538462
SP,2013,2014,doc,160.272727272727
SP,2013,2015,doc,178.666666666667
TB,1983,1985,doc,233
TB,1986,1986,doc,193
TB,1986,1987,doc,165.545454545455
TB,1986,1988,doc,165.166666666667
TB,1989,1989,doc,218.9
TB,1989,1990,doc,174
TB,1989,1991,doc,195.5
TB,1992,1992,doc,168.769230769231
TB,1992,1993,doc,149.466666666667
TB,1992,1994,doc,182
TB,1995,1995,doc,179.666666666667
TB,1995,1996,doc,177.363636363636
TB,1995,1997,doc,192.4
TB,1998,1998,doc,149.214285714286
TB,1998,1999,doc,172.333333333333
TB,1998,2000,doc,190.307692307692
TB,2001,2001,doc,191.25
TB,2001,2002,doc,152.294117647059
TB,2001,2003,doc,188.4
TB,2004,2004,doc,166.384615384615
TB,2004,2005,doc,168.583333333333
TB,2004,2006,doc,159.181818181818
TB,2007,2007,doc,169.666666666667
TB,2007,2008,doc,181.571428571429
TB,2007,2009,doc,167.733333333333
TB,2010,2010,doc,181.636363636364
TB,2010,2011,doc,150.9
TB,2010,2012,doc,171
TB,2013,2013,doc,192.916666666667
TB,2013,2014,doc,174.666666666667
TB,2013,2015,doc,167.25
TR,1983,1985,doc,232
TR,1986,1986,doc,193.666666666667
TR,1986,1987,doc,172.846153846154
TR,1986,1988,doc,155.846153846154
TR,1989,1989,doc,210.428571428571
TR,1989,1990,doc,173.272727272727
TR,1989,1991,doc,170.333333333333
TR,1992,1992,doc,181.307692307692
TR,1992,1993,doc,164.384615384615
TR,1992,1994,doc,178.571428571429
TR,1995,1995,doc,160
TR,1995,1996,doc,161.272727272727
TR,1995,1997,doc,168.642857142857
TR,1998,1998,doc,167.181818181818
TR,1998,1999,doc,170.230769230769
TR,1998,2000,doc,177.454545454545
TR,2001,2001,doc,174.615384615385
TR,2001,2002,doc,177.266666666667
TR,2001,2003,doc,201.133333333333
TR,2004,2004,doc,175.75
TR,2004,2005,doc,179.307692307692
TR,2004,2006,doc,163.5
TR,2007,2007,doc,174.266666666667
TR,2007,2008,doc,183.333333333333
TR,2007,2009,doc,162.266666666667
TR,2010,2010,doc,181.571428571429
TR,2010,2011,doc,136.166666666667
TR,2010,2012,doc,156.666666666667
TR,2013,2013,doc,185.846153846154
TR,2013,2014,doc,168.333333333333
TR,2013,2015,doc,159
WI,1995,1996,doc,193.307692307692
WI,1995,1997,doc,171.235294117647
WI,1998,1998,doc,187.125
WI,1998,1999,doc,215.888888888889
WI,1998,2000,doc,200.1
WI,2001,2001,doc,193
WI,2001,2002,doc,195.882352941176
WI,2001,2003,doc,219.666666666667
WI,2004,2004,doc,163.928571428571
WI,2004,2005,doc,194.352941176471
WI,2004,2006,doc,203.923076923077
WI,2007,2007,doc,213.384615384615
WI,2007,2008,doc,178
WI,2007,2009,doc,180.933333333333
WI,2010,2010,doc,170.25
WI,2010,2011,doc,110.25
WI,2010,2012,doc,195.625
WI,2013,2013,doc,201.142857142857
WI,2013,2014,doc,207.5
WI,2013,2015,doc,187.666666666667
